MISCELLANEOUS_PENAL_LAW,ANTI_JEWISH
MISCELLANEOUS_PENAL_LAW,ANTI_JEWISH
MISCELLANEOUS_PENAL_LAW,ANTI_JEWISH
MISCELLANEOUS_PENAL_LAW,ANTI_JEWISH
MISCELLANEOUS_PENAL_LAW,ANTI_JEWISH
MISCELLANEOUS_PENAL_LAW,ANTI_JEWISH
MISCELLANEOUS_PENAL_LAW,ANTI_JEWISH
MISCELLANEOUS_PENAL_LAW,ANTI_JEWISH
MISCELLANEOUS_PENAL_LAW,CRIMINAL_MISCHIEF_RELATED_OF,ANTI_JEWISH,ANTI_ARAB
MISCELLANEOUS_PENAL_LAW,CRIMINAL_MISCHIEF_RELATED_OF,ANTI_JEWISH,ANTI_BLACK
MISCELLANEOUS_PENAL_LAW,ROBBERY,FELONY_ASSAULT,ANTI_JEWISH
MISCELLANEOUS_PENAL_LAW,ANTI_JEWISH
MISCELLANEOUS_PENAL_LAW,ANTI_JEWISH
MISCELLANEOUS_PENAL_LAW,CRIMINAL_MISCHIEF_RELATED_OF,ANTI_JEWISH
MISCELLANEOUS_PENAL_LAW,CRIMINAL_MISCHIEF_RELATED_OF,ANTI_JEWISH
MISCELLANEOUS_PENAL_LAW,OFF_AGNST_PUB_ORD_SENSBLTY,ASSAULT_RELATED_OFFENSES,GRAND_LARCENY,ANTI_JEWISH
MISCELLANEOUS_PENAL_LAW,ANTI_JEWISH
MISCELLANEOUS_PENAL_LAW,CRIMINAL_MISCHIEF_RELATED_OF,ANTI_JEWISH
MISCELLANEOUS_PENAL_LAW,OFF_AGNST_PUB_ORD_SENSBLTY,ASSAULT_RELATED_OFFENSES,ANTI_JEWISH
MISCELLANEOUS_PENAL_LAW,ANTI_JEWISH
MISCELLANEOUS_PENAL_LAW,ANTI_JEWISH
MISCELLANEOUS_PENAL_LAW,ANTI_JEWISH
MISCELLANEOUS_PENAL_LAW,ANTI_JEWISH
MISCELLANEOUS_PENAL_LAW,CRIMINAL_MISCHIEF_RELATED_OF,ANTI_JEWISH
MISCELLANEOUS_PENAL_LAW,ANTI_JEWISH
MISCELLANEOUS_PENAL_LAW,ANTI_JEWISH
MISCELLANEOUS_PENAL_LAW,ANTI_JEWISH
MISCELLANEOUS_PENAL_LAW,ANTI_JEWISH
MISCELLANEOUS_PENAL_LAW,ANTI_JEWISH
MISCELLANEOUS_PENAL_LAW,CRIMINAL_MISCHIEF_RELATED_OF,ANTI_JEWISH
MISCELLANEOUS_PENAL_LAW,BURGLARY,ANTI_JEWISH
MISCELLANEOUS_PENAL_LAW,ANTI_JEWISH
MISCELLANEOUS_PENAL_LAW,ANTI_JEWISH
MISCELLANEOUS_PENAL_LAW,ANTI_JEWISH
MISCELLANEOUS_PENAL_LAW,ANTI_JEWISH
MISCELLANEOUS_PENAL_LAW,ANTI_JEWISH
MISCELLANEOUS_PENAL_LAW,ANTI_JEWISH
MISCELLANEOUS_PENAL_LAW,ANTI_JEWISH
MISCELLANEOUS_PENAL_LAW,ANTI_JEWISH
MISCELLANEOUS_PENAL_LAW,CRIMINAL_MISCHIEF_RELATED_OF,ANTI_JEWISH
MISCELLANEOUS_PENAL_LAW,ASSAULT_RELATED_OFFENSES,CRIMINAL_MISCHIEF_RELATED_OF,FELONY_ASSAULT,ANTI_JEWISH,ANTI_ASIAN,ANTI_MUSLIM
MISCELLANEOUS_PENAL_LAW,ANTI_JEWISH
MISCELLANEOUS_PENAL_LAW,ANTI_JEWISH
MISCELLANEOUS_PENAL_LAW,OFF_AGNST_PUB_ORD_SENSBLTY,ANTI_JEWISH,ANTI_ASIAN
MISCELLANEOUS_PENAL_LAW,ANTI_JEWISH
MISCELLANEOUS_PENAL_LAW,ANTI_JEWISH
MISCELLANEOUS_PENAL_LAW,ASSAULT_RELATED_OFFENSES,ANTI_JEWISH
MISCELLANEOUS_PENAL_LAW,OFF_AGNST_PUB_ORD_SENSBLTY,ANTI_JEWISH
MISCELLANEOUS_PENAL_LAW,ANTI_JEWISH
MISCELLANEOUS_PENAL_LAW,ANTI_JEWISH
MISCELLANEOUS_PENAL_LAW,ANTI_JEWISH,ANTI_BLACK,ANTI_OTHER_ETHNICITY
MISCELLANEOUS_PENAL_LAW,OFF_AGNST_PUB_ORD_SENSBLTY,FELONY_ASSAULT,ASSAULT_RELATED_OFFENSES,ANTI_JEWISH,ANTI_OTHER_ETHNICITY
MISCELLANEOUS_PENAL_LAW,CRIMINAL_MISCHIEF_RELATED_OF,ANTI_JEWISH,ANTI_OTHER_ETHNICITY
MISCELLANEOUS_PENAL_LAW,ANTI_JEWISH
MISCELLANEOUS_PENAL_LAW,ANTI_JEWISH
MISCELLANEOUS_PENAL_LAW,DANGEROUS_WEAPONS,ANTI_JEWISH
MISCELLANEOUS_PENAL_LAW,CRIMINAL_MISCHIEF_RELATED_OF,ANTI_JEWISH
MISCELLANEOUS_PENAL_LAW,GRAND_LARCENY,CRIMINAL_MISCHIEF_RELATED_OF,ANTI_JEWISH
MISCELLANEOUS_PENAL_LAW,ASSAULT_RELATED_OFFENSES,OFF_AGNST_PUB_ORD_SENSBLTY,ANTI_JEWISH,ANTI_MALE_HOMOSEXUAL_GAY
MISCELLANEOUS_PENAL_LAW,ANTI_JEWISH
MISCELLANEOUS_PENAL_LAW,PETIT_LARCENY,ANTI_JEWISH
MISCELLANEOUS_PENAL_LAW,ASSAULT_RELATED_OFFENSES,ANTI_JEWISH
MISCELLANEOUS_PENAL_LAW,ANTI_JEWISH
MISCELLANEOUS_PENAL_LAW,ANTI_JEWISH
MISCELLANEOUS_PENAL_LAW,ANTI_JEWISH,ANTI_FEMALE_HOMOSEXUAL_LESBIAN
MISCELLANEOUS_PENAL_LAW,FELONY_ASSAULT,ANTI_JEWISH,ANTI_MUSLIM
MISCELLANEOUS_PENAL_LAW,CRIMINAL_MISCHIEF_RELATED_OF,ANTI_JEWISH,ANTI_TRANSGENDER
MISCELLANEOUS_PENAL_LAW,ANTI_JEWISH
MISCELLANEOUS_PENAL_LAW,ANTI_JEWISH
MISCELLANEOUS_PENAL_LAW,OFF_AGNST_PUB_ORD_SENSBLTY,CRIMINAL_MISCHIEF_RELATED_OF,ASSAULT_RELATED_OFFENSES,ANTI_JEWISH,ANTI_OTHER_ETHNICITY
MISCELLANEOUS_PENAL_LAW,CRIMINAL_MISCHIEF_RELATED_OF,ANTI_JEWISH
MISCELLANEOUS_PENAL_LAW,ANTI_JEWISH
MISCELLANEOUS_PENAL_LAW,CRIMINAL_MISCHIEF_RELATED_OF,ASSAULT_RELATED_OFFENSES,ANTI_JEWISH,ANTI_ASIAN
MISCELLANEOUS_PENAL_LAW,ANTI_JEWISH,ANTI_MUSLIM
MISCELLANEOUS_PENAL_LAW,ANTI_JEWISH
MISCELLANEOUS_PENAL_LAW,ANTI_JEWISH
MISCELLANEOUS_PENAL_LAW,ANTI_JEWISH
MISCELLANEOUS_PENAL_LAW,OFF_AGNST_PUB_ORD_SENSBLTY,FELONY_ASSAULT,ANTI_JEWISH,ANTI_BLACK
MISCELLANEOUS_PENAL_LAW,ASSAULT_RELATED_OFFENSES,ANTI_JEWISH,ANTI_BLACK
MISCELLANEOUS_PENAL_LAW,FELONY_ASSAULT,CRIMINAL_MISCHIEF_RELATED_OF,ASSAULT_RELATED_OFFENSES,ANTI_JEWISH
MISCELLANEOUS_PENAL_LAW,ROBBERY,ANTI_JEWISH
MISCELLANEOUS_PENAL_LAW,ASSAULT_RELATED_OFFENSES,ANTI_JEWISH,ANTI_MUSLIM
MISCELLANEOUS_PENAL_LAW,CRIMINAL_MISCHIEF_RELATED_OF,ANTI_JEWISH
MISCELLANEOUS_PENAL_LAW,ANTI_JEWISH
MISCELLANEOUS_PENAL_LAW,CRIMINAL_MISCHIEF_RELATED_OF,ANTI_JEWISH,ANTI_OTHER_ETHNICITY
MISCELLANEOUS_PENAL_LAW,ANTI_JEWISH
MISCELLANEOUS_PENAL_LAW,FELONY_ASSAULT,ANTI_JEWISH,ANTI_MALE_HOMOSEXUAL_GAY
MISCELLANEOUS_PENAL_LAW,ANTI_JEWISH
MISCELLANEOUS_PENAL_LAW,FELONY_ASSAULT,ANTI_JEWISH
MISCELLANEOUS_PENAL_LAW,ANTI_JEWISH
MISCELLANEOUS_PENAL_LAW,ANTI_JEWISH
MISCELLANEOUS_PENAL_LAW,ANTI_JEWISH
MISCELLANEOUS_PENAL_LAW,ANTI_JEWISH
MISCELLANEOUS_PENAL_LAW,CRIMINAL_MISCHIEF_RELATED_OF,ANTI_JEWISH
MISCELLANEOUS_PENAL_LAW,ANTI_JEWISH
MISCELLANEOUS_PENAL_LAW,ANTI_JEWISH
MISCELLANEOUS_PENAL_LAW,ANTI_JEWISH
MISCELLANEOUS_PENAL_LAW,ASSAULT_RELATED_OFFENSES,CRIMINAL_MISCHIEF_RELATED_OF,OFF_AGNST_PUB_ORD_SENSBLTY,ANTI_JEWISH,ANTI_TRANSGENDER
MISCELLANEOUS_PENAL_LAW,CRIMINAL_MISCHIEF_RELATED_OF,ASSAULT_RELATED_OFFENSES,ANTI_JEWISH,ANTI_ARAB
MISCELLANEOUS_PENAL_LAW,ANTI_JEWISH
MISCELLANEOUS_PENAL_LAW,CRIMINAL_MISCHIEF_RELATED_OF,ANTI_JEWISH
MISCELLANEOUS_PENAL_LAW,OFF_AGNST_PUB_ORD_SENSBLTY,ANTI_JEWISH
MISCELLANEOUS_PENAL_LAW,CRIMINAL_MISCHIEF_RELATED_OF,ANTI_JEWISH,ANTI_MALE_HOMOSEXUAL_GAY
MISCELLANEOUS_PENAL_LAW,ANTI_JEWISH
MISCELLANEOUS_PENAL_LAW,ANTI_JEWISH
MISCELLANEOUS_PENAL_LAW,ANTI_JEWISH
MISCELLANEOUS_PENAL_LAW,ANTI_JEWISH
MISCELLANEOUS_PENAL_LAW,CRIMINAL_MISCHIEF_RELATED_OF,OFF_AGNST_PUB_ORD_SENSBLTY,ANTI_JEWISH,ANTI_BLACK
MISCELLANEOUS_PENAL_LAW,FELONY_ASSAULT,ANTI_JEWISH,ANTI_WHITE
MISCELLANEOUS_PENAL_LAW,ANTI_JEWISH
MISCELLANEOUS_PENAL_LAW,OFF_AGNST_PUB_ORD_SENSBLTY,ANTI_JEWISH,ANTI_MALE_HOMOSEXUAL_GAY
MISCELLANEOUS_PENAL_LAW,ANTI_JEWISH
MISCELLANEOUS_PENAL_LAW,ASSAULT_RELATED_OFFENSES,ANTI_JEWISH
MISCELLANEOUS_PENAL_LAW,ANTI_JEWISH
MISCELLANEOUS_PENAL_LAW,ANTI_JEWISH
MISCELLANEOUS_PENAL_LAW,ANTI_JEWISH
MISCELLANEOUS_PENAL_LAW,ANTI_JEWISH
MISCELLANEOUS_PENAL_LAW,ANTI_JEWISH
MISCELLANEOUS_PENAL_LAW,ANTI_JEWISH
MISCELLANEOUS_PENAL_LAW,CRIMINAL_MISCHIEF_RELATED_OF,ANTI_JEWISH
MISCELLANEOUS_PENAL_LAW,OFF_AGNST_PUB_ORD_SENSBLTY,SEX_CRIMES,FELONY_ASSAULT,ASSAULT_RELATED_OFFENSES,ANTI_JEWISH,ANTI_MALE_HOMOSEXUAL_GAY,ANTI_OTHER_ETHNICITY
MISCELLANEOUS_PENAL_LAW,ANTI_JEWISH
MISCELLANEOUS_PENAL_LAW,OFF_AGNST_PUB_ORD_SENSBLTY,ASSAULT_RELATED_OFFENSES,ANTI_JEWISH,ANTI_OTHER_ETHNICITY
MISCELLANEOUS_PENAL_LAW,ANTI_JEWISH
MISCELLANEOUS_PENAL_LAW,ANTI_JEWISH
MISCELLANEOUS_PENAL_LAW,ASSAULT_RELATED_OFFENSES,ANTI_JEWISH,ANTI_BLACK
MISCELLANEOUS_PENAL_LAW,FELONY_ASSAULT,ANTI_JEWISH,ANTI_MUSLIM
MISCELLANEOUS_PENAL_LAW,ANTI_JEWISH
MISCELLANEOUS_PENAL_LAW,OFF_AGNST_PUB_ORD_SENSBLTY,FELONY_ASSAULT,ASSAULT_RELATED_OFFENSES,ANTI_JEWISH,ANTI_WHITE
MISCELLANEOUS_PENAL_LAW,CRIMINAL_MISCHIEF_RELATED_OF,SEX_CRIMES,OFF_AGNST_PUB_ORD_SENSBLTY,ANTI_JEWISH,ANTI_OTHER_ETHNICITY
MISCELLANEOUS_PENAL_LAW,FELONY_ASSAULT,ANTI_JEWISH,ANTI_OTHER_ETHNICITY
MISCELLANEOUS_PENAL_LAW,OFF_AGNST_PUB_ORD_SENSBLTY,FELONY_ASSAULT,ANTI_JEWISH
MISCELLANEOUS_PENAL_LAW,OFF_AGNST_PUB_ORD_SENSBLTY,ANTI_JEWISH
MISCELLANEOUS_PENAL_LAW,CRIMINAL_MISCHIEF_RELATED_OF,OFF_AGNST_PUB_ORD_SENSBLTY,ANTI_JEWISH,ANTI_FEMALE_HOMOSEXUAL_LESBIAN,ANTI_ASIAN
MISCELLANEOUS_PENAL_LAW,ANTI_JEWISH
MISCELLANEOUS_PENAL_LAW,CRIMINAL_MISCHIEF_RELATED_OF,ANTI_JEWISH,ANTI_OTHER_ETHNICITY
MISCELLANEOUS_PENAL_LAW,ANTI_JEWISH
MISCELLANEOUS_PENAL_LAW,ANTI_JEWISH
MISCELLANEOUS_PENAL_LAW,ANTI_JEWISH
MISCELLANEOUS_PENAL_LAW,ANTI_JEWISH
MISCELLANEOUS_PENAL_LAW,ANTI_JEWISH
MISCELLANEOUS_PENAL_LAW,ANTI_JEWISH
MISCELLANEOUS_PENAL_LAW,ANTI_JEWISH
MISCELLANEOUS_PENAL_LAW,ANTI_JEWISH
MISCELLANEOUS_PENAL_LAW,ANTI_JEWISH
MISCELLANEOUS_PENAL_LAW,OFF_AGNST_PUB_ORD_SENSBLTY,ANTI_JEWISH,ANTI_TRANSGENDER
MISCELLANEOUS_PENAL_LAW,OFF_AGNST_PUB_ORD_SENSBLTY,ANTI_JEWISH
MISCELLANEOUS_PENAL_LAW,ANTI_JEWISH
MISCELLANEOUS_PENAL_LAW,CRIMINAL_MISCHIEF_RELATED_OF,ANTI_JEWISH
MISCELLANEOUS_PENAL_LAW,ANTI_JEWISH
MISCELLANEOUS_PENAL_LAW,OFF_AGNST_PUB_ORD_SENSBLTY,ASSAULT_RELATED_OFFENSES,ANTI_JEWISH,ANTI_ASIAN
MISCELLANEOUS_PENAL_LAW,CRIMINAL_MISCHIEF_RELATED_OF,ANTI_JEWISH,ANTI_MALE_HOMOSEXUAL_GAY
MISCELLANEOUS_PENAL_LAW,CRIMINAL_MISCHIEF_RELATED_OF,ANTI_JEWISH,ANTI_CATHOLIC
MISCELLANEOUS_PENAL_LAW,FELONY_ASSAULT,ANTI_JEWISH,ANTI_ASIAN
MISCELLANEOUS_PENAL_LAW,FELONY_ASSAULT,ANTI_JEWISH,ANTI_MALE_HOMOSEXUAL_GAY
MISCELLANEOUS_PENAL_LAW,ASSAULT_RELATED_OFFENSES,ANTI_JEWISH,ANTI_MALE_HOMOSEXUAL_GAY
MISCELLANEOUS_PENAL_LAW,ASSAULT_RELATED_OFFENSES,ANTI_JEWISH,ANTI_ASIAN
MISCELLANEOUS_PENAL_LAW,ASSAULT_RELATED_OFFENSES,OFF_AGNST_PUB_ORD_SENSBLTY,ANTI_JEWISH,ANTI_MALE_HOMOSEXUAL_GAY,ANTI_ASIAN
MISCELLANEOUS_PENAL_LAW,ROBBERY,ANTI_JEWISH,ANTI_MALE_HOMOSEXUAL_GAY
MISCELLANEOUS_PENAL_LAW,ANTI_JEWISH
MISCELLANEOUS_PENAL_LAW,OFF_AGNST_PUB_ORD_SENSBLTY,ANTI_JEWISH,ANTI_ASIAN
MISCELLANEOUS_PENAL_LAW,ANTI_JEWISH
MISCELLANEOUS_PENAL_LAW,CRIMINAL_MISCHIEF_RELATED_OF,ANTI_JEWISH,ANTI_BLACK
MISCELLANEOUS_PENAL_LAW,ANTI_JEWISH
MISCELLANEOUS_PENAL_LAW,ANTI_JEWISH
MISCELLANEOUS_PENAL_LAW,FELONY_ASSAULT,ANTI_JEWISH,ANTI_ASIAN
MISCELLANEOUS_PENAL_LAW,FELONY_ASSAULT,ANTI_JEWISH,ANTI_MALE_HOMOSEXUAL_GAY
MISCELLANEOUS_PENAL_LAW,ASSAULT_RELATED_OFFENSES,ANTI_JEWISH,ANTI_ASIAN
MISCELLANEOUS_PENAL_LAW,ANTI_JEWISH
MISCELLANEOUS_PENAL_LAW,ANTI_JEWISH
MISCELLANEOUS_PENAL_LAW,HARRASSMENT,ANTI_JEWISH,ANTI_ASIAN
MISCELLANEOUS_PENAL_LAW,OFF_AGNST_PUB_ORD_SENSBLTY,ANTI_JEWISH
MISCELLANEOUS_PENAL_LAW,OFF_AGNST_PUB_ORD_SENSBLTY,CRIMINAL_MISCHIEF_RELATED_OF,ASSAULT_RELATED_OFFENSES,ANTI_JEWISH,ANTI_MALE_HOMOSEXUAL_GAY,ANTI_MUSLIM,ANTI_ASIAN
MISCELLANEOUS_PENAL_LAW,ASSAULT_RELATED_OFFENSES,OFF_AGNST_PUB_ORD_SENSBLTY,ANTI_JEWISH,ANTI_MALE_HOMOSEXUAL_GAY,ANTI_ASIAN
MISCELLANEOUS_PENAL_LAW,ANTI_JEWISH
MISCELLANEOUS_PENAL_LAW,ANTI_JEWISH
MISCELLANEOUS_PENAL_LAW,ANTI_JEWISH
MISCELLANEOUS_PENAL_LAW,CRIMINAL_MISCHIEF_RELATED_OF,ARSON,ANTI_JEWISH,ANTI_MALE_HOMOSEXUAL_GAY
MISCELLANEOUS_PENAL_LAW,OFF_AGNST_PUB_ORD_SENSBLTY,CRIMINAL_MISCHIEF_RELATED_OF,ASSAULT_RELATED_OFFENSES,ANTI_JEWISH,ANTI_MALE_HOMOSEXUAL_GAY,ANTI_BLACK
MISCELLANEOUS_PENAL_LAW,OFF_AGNST_PUB_ORD_SENSBLTY,ANTI_JEWISH
MISCELLANEOUS_PENAL_LAW,FELONY_ASSAULT,ANTI_JEWISH,ANTI_BLACK
MISCELLANEOUS_PENAL_LAW,ROBBERY,ASSAULT_RELATED_OFFENSES,ANTI_JEWISH,ANTI_TRANSGENDER
MISCELLANEOUS_PENAL_LAW,OFF_AGNST_PUB_ORD_SENSBLTY,ANTI_JEWISH,ANTI_MUSLIM
MISCELLANEOUS_PENAL_LAW,OFF_AGNST_PUB_ORD_SENSBLTY,CRIMINAL_MISCHIEF_RELATED_OF,ANTI_JEWISH
MISCELLANEOUS_PENAL_LAW,OFF_AGNST_PUB_ORD_SENSBLTY,ANTI_JEWISH,ANTI_MUSLIM,ANTI_ASIAN
MISCELLANEOUS_PENAL_LAW,ANTI_JEWISH
MISCELLANEOUS_PENAL_LAW,OFF_AGNST_PUB_ORD_SENSBLTY,PETIT_LARCENY,ANTI_JEWISH,ANTI_MUSLIM,ANTI_TRANSGENDER
MISCELLANEOUS_PENAL_LAW,CRIMINAL_MISCHIEF_RELATED_OF,ANTI_JEWISH,ANTI_BLACK
MISCELLANEOUS_PENAL_LAW,ANTI_JEWISH
MISCELLANEOUS_PENAL_LAW,ANTI_JEWISH
MISCELLANEOUS_PENAL_LAW,ASSAULT_RELATED_OFFENSES,ANTI_JEWISH,ANTI_HISPANIC
MISCELLANEOUS_PENAL_LAW,ANTI_JEWISH
MISCELLANEOUS_PENAL_LAW,ASSAULT_RELATED_OFFENSES,ANTI_JEWISH,ANTI_WHITE
MISCELLANEOUS_PENAL_LAW,OFF_AGNST_PUB_ORD_SENSBLTY,ANTI_JEWISH
MISCELLANEOUS_PENAL_LAW,FELONY_ASSAULT,ANTI_JEWISH,ANTI_WHITE
MISCELLANEOUS_PENAL_LAW,ANTI_JEWISH
MISCELLANEOUS_PENAL_LAW,ANTI_JEWISH
MISCELLANEOUS_PENAL_LAW,ANTI_JEWISH
MISCELLANEOUS_PENAL_LAW,ANTI_JEWISH,ANTI_MALE_HOMOSEXUAL_GAY
MISCELLANEOUS_PENAL_LAW,ANTI_JEWISH
MISCELLANEOUS_PENAL_LAW,ANTI_JEWISH
MISCELLANEOUS_PENAL_LAW,OFF_AGNST_PUB_ORD_SENSBLTY,ANTI_JEWISH
MISCELLANEOUS_PENAL_LAW,ANTI_JEWISH
MISCELLANEOUS_PENAL_LAW,ANTI_JEWISH
MISCELLANEOUS_PENAL_LAW,ANTI_JEWISH
MISCELLANEOUS_PENAL_LAW,CRIMINAL_MISCHIEF_RELATED_OF,ANTI_JEWISH
MISCELLANEOUS_PENAL_LAW,CRIMINAL_MISCHIEF_RELATED_OF,ANTI_JEWISH
MISCELLANEOUS_PENAL_LAW,ANTI_JEWISH
MISCELLANEOUS_PENAL_LAW,ANTI_JEWISH
MISCELLANEOUS_PENAL_LAW,ANTI_JEWISH
MISCELLANEOUS_PENAL_LAW,FELONY_ASSAULT,ANTI_JEWISH,ANTI_ASIAN
MISCELLANEOUS_PENAL_LAW,CRIMINAL_MISCHIEF_RELATED_OF,ANTI_JEWISH,ANTI_CATHOLIC
MISCELLANEOUS_PENAL_LAW,ANTI_JEWISH
MISCELLANEOUS_PENAL_LAW,CRIMINAL_MISCHIEF_RELATED_OF,ANTI_JEWISH
MISCELLANEOUS_PENAL_LAW,OFF_AGNST_PUB_ORD_SENSBLTY,ASSAULT_RELATED_OFFENSES,ANTI_JEWISH,ANTI_MALE_HOMOSEXUAL_GAY
MISCELLANEOUS_PENAL_LAW,ASSAULT_RELATED_OFFENSES,ANTI_JEWISH
MISCELLANEOUS_PENAL_LAW,ANTI_JEWISH
MISCELLANEOUS_PENAL_LAW,CRIMINAL_MISCHIEF_RELATED_OF,ANTI_JEWISH
MISCELLANEOUS_PENAL_LAW,CRIMINAL_MISCHIEF_RELATED_OF,ANTI_JEWISH,ANTI_BLACK
MISCELLANEOUS_PENAL_LAW,ANTI_JEWISH
MISCELLANEOUS_PENAL_LAW,CRIMINAL_MISCHIEF_RELATED_OF,OFF_AGNST_PUB_ORD_SENSBLTY,ANTI_JEWISH,ANTI_CATHOLIC,ANTI_ASIAN
MISCELLANEOUS_PENAL_LAW,ANTI_JEWISH
MISCELLANEOUS_PENAL_LAW,ANTI_JEWISH
MISCELLANEOUS_PENAL_LAW,HARRASSMENT,ANTI_JEWISH,ANTI_HISPANIC
MISCELLANEOUS_PENAL_LAW,ANTI_JEWISH
MISCELLANEOUS_PENAL_LAW,ANTI_JEWISH
MISCELLANEOUS_PENAL_LAW,ANTI_JEWISH
MISCELLANEOUS_PENAL_LAW,CRIMINAL_MISCHIEF_RELATED_OF,ANTI_JEWISH,ANTI_MALE_HOMOSEXUAL_GAY
MISCELLANEOUS_PENAL_LAW,ANTI_JEWISH
MISCELLANEOUS_PENAL_LAW,ANTI_JEWISH
MISCELLANEOUS_PENAL_LAW,ANTI_JEWISH
MISCELLANEOUS_PENAL_LAW,ANTI_JEWISH
MISCELLANEOUS_PENAL_LAW,ANTI_JEWISH
MISCELLANEOUS_PENAL_LAW,FELONY_ASSAULT,ANTI_JEWISH,ANTI_ASIAN
MISCELLANEOUS_PENAL_LAW,OFF_AGNST_PUB_ORD_SENSBLTY,ASSAULT_RELATED_OFFENSES,ANTI_JEWISH
MISCELLANEOUS_PENAL_LAW,CRIMINAL_MISCHIEF_RELATED_OF,ANTI_JEWISH,ANTI_MUSLIM
MISCELLANEOUS_PENAL_LAW,FELONY_ASSAULT,ANTI_JEWISH
MISCELLANEOUS_PENAL_LAW,ROBBERY,ANTI_JEWISH
MISCELLANEOUS_PENAL_LAW,ANTI_JEWISH
MISCELLANEOUS_PENAL_LAW,ANTI_JEWISH
MISCELLANEOUS_PENAL_LAW,ANTI_JEWISH
MISCELLANEOUS_PENAL_LAW,CRIMINAL_MISCHIEF_RELATED_OF,ANTI_JEWISH
MISCELLANEOUS_PENAL_LAW,CRIMINAL_MISCHIEF_RELATED_OF,ANTI_JEWISH
MISCELLANEOUS_PENAL_LAW,ANTI_JEWISH
MISCELLANEOUS_PENAL_LAW,OFF_AGNST_PUB_ORD_SENSBLTY,FELONY_ASSAULT,ANTI_JEWISH,ANTI_MUSLIM
MISCELLANEOUS_PENAL_LAW,CRIMINAL_MISCHIEF_RELATED_OF,PETIT_LARCENY,ANTI_JEWISH
MISCELLANEOUS_PENAL_LAW,ASSAULT_RELATED_OFFENSES,ANTI_JEWISH,ANTI_MALE_HOMOSEXUAL_GAY
MISCELLANEOUS_PENAL_LAW,ANTI_JEWISH
MISCELLANEOUS_PENAL_LAW,ASSAULT_RELATED_OFFENSES,ANTI_JEWISH,ANTI_BLACK,ANTI_WHITE
MISCELLANEOUS_PENAL_LAW,ANTI_JEWISH
MISCELLANEOUS_PENAL_LAW,ANTI_JEWISH
MISCELLANEOUS_PENAL_LAW,ANTI_JEWISH
MISCELLANEOUS_PENAL_LAW,ANTI_JEWISH
MISCELLANEOUS_PENAL_LAW,ANTI_JEWISH
MISCELLANEOUS_PENAL_LAW,CRIMINAL_MISCHIEF_RELATED_OF,ANTI_JEWISH,ANTI_BLACK
MISCELLANEOUS_PENAL_LAW,CRIMINAL_MISCHIEF_RELATED_OF,ANTI_JEWISH
MISCELLANEOUS_PENAL_LAW,ANTI_JEWISH
MISCELLANEOUS_PENAL_LAW,ANTI_JEWISH
MISCELLANEOUS_PENAL_LAW,ANTI_JEWISH
MISCELLANEOUS_PENAL_LAW,OFF_AGNST_PUB_ORD_SENSBLTY,ANTI_JEWISH,ANTI_MUSLIM
MISCELLANEOUS_PENAL_LAW,ANTI_JEWISH
MISCELLANEOUS_PENAL_LAW,ANTI_JEWISH
MISCELLANEOUS_PENAL_LAW,CRIMINAL_MISCHIEF_RELATED_OF,ANTI_JEWISH,ANTI_OTHER_RELIGION,ANTI_OTHER_ETHNICITY
MISCELLANEOUS_PENAL_LAW,ASSAULT_RELATED_OFFENSES,ANTI_JEWISH,ANTI_MALE_HOMOSEXUAL_GAY
MISCELLANEOUS_PENAL_LAW,ANTI_JEWISH
MISCELLANEOUS_PENAL_LAW,ANTI_JEWISH
MISCELLANEOUS_PENAL_LAW,ANTI_JEWISH
MISCELLANEOUS_PENAL_LAW,ANTI_JEWISH
MISCELLANEOUS_PENAL_LAW,ANTI_JEWISH
MISCELLANEOUS_PENAL_LAW,ASSAULT_RELATED_OFFENSES,ANTI_JEWISH,ANTI_TRANSGENDER
MISCELLANEOUS_PENAL_LAW,CRIMINAL_MISCHIEF_RELATED_OF,ANTI_JEWISH
MISCELLANEOUS_PENAL_LAW,ANTI_JEWISH
MISCELLANEOUS_PENAL_LAW,ANTI_JEWISH
MISCELLANEOUS_PENAL_LAW,FELONY_ASSAULT,ANTI_JEWISH,ANTI_WHITE
MISCELLANEOUS_PENAL_LAW,ANTI_JEWISH
MISCELLANEOUS_PENAL_LAW,ASSAULT_RELATED_OFFENSES,ANTI_JEWISH,ANTI_ASIAN
MISCELLANEOUS_PENAL_LAW,ASSAULT_RELATED_OFFENSES,ANTI_JEWISH,ANTI_ASIAN
MISCELLANEOUS_PENAL_LAW,CRIMINAL_MISCHIEF_RELATED_OF,ANTI_JEWISH,ANTI_CATHOLIC
MISCELLANEOUS_PENAL_LAW,ANTI_JEWISH
MISCELLANEOUS_PENAL_LAW,ANTI_JEWISH
MISCELLANEOUS_PENAL_LAW,ANTI_JEWISH
MISCELLANEOUS_PENAL_LAW,ANTI_JEWISH
MISCELLANEOUS_PENAL_LAW,ANTI_JEWISH
MISCELLANEOUS_PENAL_LAW,ASSAULT_RELATED_OFFENSES,ANTI_JEWISH
MISCELLANEOUS_PENAL_LAW,ANTI_JEWISH
MISCELLANEOUS_PENAL_LAW,OFF_AGNST_PUB_ORD_SENSBLTY,CRIMINAL_MISCHIEF_RELATED_OF,ANTI_JEWISH,ANTI_MUSLIM
MISCELLANEOUS_PENAL_LAW,CRIMINAL_MISCHIEF_RELATED_OF,ANTI_JEWISH,ANTI_BLACK
MISCELLANEOUS_PENAL_LAW,ANTI_JEWISH
MISCELLANEOUS_PENAL_LAW,OFF_AGNST_PUB_ORD_SENSBLTY,ANTI_JEWISH,ANTI_MALE_HOMOSEXUAL_GAY,ANTI_BLACK
MISCELLANEOUS_PENAL_LAW,ANTI_JEWISH
MISCELLANEOUS_PENAL_LAW,ANTI_JEWISH
MISCELLANEOUS_PENAL_LAW,ANTI_JEWISH
MISCELLANEOUS_PENAL_LAW,FELONY_ASSAULT,ANTI_JEWISH,ANTI_JEHOVAHS_WITNESS
MISCELLANEOUS_PENAL_LAW,ANTI_JEWISH
MISCELLANEOUS_PENAL_LAW,ANTI_JEWISH
MISCELLANEOUS_PENAL_LAW,ANTI_JEWISH
MISCELLANEOUS_PENAL_LAW,ANTI_JEWISH
MISCELLANEOUS_PENAL_LAW,ANTI_JEWISH
MISCELLANEOUS_PENAL_LAW,ANTI_JEWISH
MISCELLANEOUS_PENAL_LAW,ANTI_JEWISH
MISCELLANEOUS_PENAL_LAW,CRIMINAL_MISCHIEF_RELATED_OF,ASSAULT_RELATED_OFFENSES,ANTI_JEWISH,ANTI_TRANSGENDER,ANTI_MUSLIM
MISCELLANEOUS_PENAL_LAW,FELONY_ASSAULT,ANTI_JEWISH
MISCELLANEOUS_PENAL_LAW,FELONY_ASSAULT,ANTI_JEWISH,ANTI_BLACK
MISCELLANEOUS_PENAL_LAW,CRIMINAL_MISCHIEF_RELATED_OF,ANTI_JEWISH
MISCELLANEOUS_PENAL_LAW,ANTI_JEWISH
MISCELLANEOUS_PENAL_LAW,ANTI_JEWISH
MISCELLANEOUS_PENAL_LAW,ANTI_JEWISH
MISCELLANEOUS_PENAL_LAW,FELONY_ASSAULT,ANTI_JEWISH,ANTI_HISPANIC
MISCELLANEOUS_PENAL_LAW,ANTI_JEWISH
MISCELLANEOUS_PENAL_LAW,ROBBERY,ANTI_JEWISH,ANTI_MALE_HOMOSEXUAL_GAY
MISCELLANEOUS_PENAL_LAW,ANTI_JEWISH
MISCELLANEOUS_PENAL_LAW,ANTI_JEWISH
MISCELLANEOUS_PENAL_LAW,ANTI_JEWISH
MISCELLANEOUS_PENAL_LAW,ANTI_JEWISH
MISCELLANEOUS_PENAL_LAW,CRIMINAL_MISCHIEF_RELATED_OF,ANTI_JEWISH,ANTI_MALE_HOMOSEXUAL_GAY
MISCELLANEOUS_PENAL_LAW,ASSAULT_RELATED_OFFENSES,ANTI_JEWISH,ANTI_BLACK
MISCELLANEOUS_PENAL_LAW,ANTI_JEWISH
MISCELLANEOUS_PENAL_LAW,CRIMINAL_MISCHIEF_RELATED_OF,ANTI_JEWISH
MISCELLANEOUS_PENAL_LAW,ANTI_JEWISH
MISCELLANEOUS_PENAL_LAW,ANTI_JEWISH
MISCELLANEOUS_PENAL_LAW,INVESTIGATIONS_COMPLAINTS_ONLY,CRIMINAL_MISCHIEF_RELATED_OF,ANTI_JEWISH
MISCELLANEOUS_PENAL_LAW,ANTI_JEWISH
MISCELLANEOUS_PENAL_LAW,ANTI_JEWISH
MISCELLANEOUS_PENAL_LAW,ANTI_JEWISH
MISCELLANEOUS_PENAL_LAW,ANTI_JEWISH
MISCELLANEOUS_PENAL_LAW,ANTI_JEWISH
MISCELLANEOUS_PENAL_LAW,ANTI_JEWISH
MISCELLANEOUS_PENAL_LAW,ANTI_JEWISH
MISCELLANEOUS_PENAL_LAW,ANTI_JEWISH
MISCELLANEOUS_PENAL_LAW,CRIMINAL_MISCHIEF_RELATED_OF,ANTI_JEWISH
MISCELLANEOUS_PENAL_LAW,ANTI_JEWISH
MISCELLANEOUS_PENAL_LAW,ANTI_JEWISH
MISCELLANEOUS_PENAL_LAW,ANTI_JEWISH
MISCELLANEOUS_PENAL_LAW,HARRASSMENT,ANTI_JEWISH,ANTI_BLACK
MISCELLANEOUS_PENAL_LAW,ANTI_JEWISH
MISCELLANEOUS_PENAL_LAW,ANTI_JEWISH
MISCELLANEOUS_PENAL_LAW,ANTI_JEWISH
MISCELLANEOUS_PENAL_LAW,ANTI_JEWISH
MISCELLANEOUS_PENAL_LAW,ANTI_JEWISH
MISCELLANEOUS_PENAL_LAW,ANTI_JEWISH
MISCELLANEOUS_PENAL_LAW,ANTI_JEWISH
MISCELLANEOUS_PENAL_LAW,ANTI_JEWISH
MISCELLANEOUS_PENAL_LAW,CRIMINAL_MISCHIEF_RELATED_OF,ANTI_JEWISH,ANTI_BLACK
MISCELLANEOUS_PENAL_LAW,CRIMINAL_MISCHIEF_RELATED_OF,ANTI_JEWISH
MISCELLANEOUS_PENAL_LAW,ANTI_JEWISH,ANTI_BLACK
MISCELLANEOUS_PENAL_LAW,ANTI_JEWISH
MISCELLANEOUS_PENAL_LAW,ANTI_JEWISH
MISCELLANEOUS_PENAL_LAW,ANTI_JEWISH
MISCELLANEOUS_PENAL_LAW,ASSAULT_RELATED_OFFENSES,ANTI_JEWISH,ANTI_MALE_HOMOSEXUAL_GAY
MISCELLANEOUS_PENAL_LAW,ANTI_JEWISH
MISCELLANEOUS_PENAL_LAW,CRIMINAL_MISCHIEF_RELATED_OF,ANTI_JEWISH
MISCELLANEOUS_PENAL_LAW,ANTI_JEWISH
MISCELLANEOUS_PENAL_LAW,OFF_AGNST_PUB_ORD_SENSBLTY,ANTI_JEWISH,ANTI_MALE_HOMOSEXUAL_GAY
MISCELLANEOUS_PENAL_LAW,ANTI_JEWISH
MISCELLANEOUS_PENAL_LAW,ANTI_JEWISH
OFF_AGNST_PUB_ORD_SENSBLTY,ANTI_JEWISH
OFF_AGNST_PUB_ORD_SENSBLTY,ANTI_JEWISH
OFF_AGNST_PUB_ORD_SENSBLTY,ANTI_JEWISH
OFF_AGNST_PUB_ORD_SENSBLTY,ANTI_JEWISH,ANTI_BLACK
OFF_AGNST_PUB_ORD_SENSBLTY,ANTI_JEWISH,ANTI_LGBT_MIXED_GROUP
OFF_AGNST_PUB_ORD_SENSBLTY,ANTI_JEWISH
OFF_AGNST_PUB_ORD_SENSBLTY,HARRASSMENT,ANTI_JEWISH
OFF_AGNST_PUB_ORD_SENSBLTY,CRIMINAL_MISCHIEF_RELATED_OF,ANTI_JEWISH,ANTI_CATHOLIC
OFF_AGNST_PUB_ORD_SENSBLTY,HARRASSMENT,ANTI_JEWISH
OFF_AGNST_PUB_ORD_SENSBLTY,ANTI_JEWISH
OFF_AGNST_PUB_ORD_SENSBLTY,ANTI_JEWISH
OFF_AGNST_PUB_ORD_SENSBLTY,CRIMINAL_MISCHIEF_RELATED_OF,ANTI_JEWISH
OFF_AGNST_PUB_ORD_SENSBLTY,ANTI_JEWISH
OFF_AGNST_PUB_ORD_SENSBLTY,ANTI_JEWISH
OFF_AGNST_PUB_ORD_SENSBLTY,ANTI_JEWISH
OFF_AGNST_PUB_ORD_SENSBLTY,FELONY_ASSAULT,ANTI_JEWISH,ANTI_ASIAN
OFF_AGNST_PUB_ORD_SENSBLTY,ASSAULT_RELATED_OFFENSES,ANTI_JEWISH
OFF_AGNST_PUB_ORD_SENSBLTY,ANTI_JEWISH
OFF_AGNST_PUB_ORD_SENSBLTY,CRIMINAL_MISCHIEF_RELATED_OF,ANTI_JEWISH
OFF_AGNST_PUB_ORD_SENSBLTY,FELONY_ASSAULT,ANTI_JEWISH,ANTI_MALE_HOMOSEXUAL_GAY
OFF_AGNST_PUB_ORD_SENSBLTY,ASSAULT_RELATED_OFFENSES,ANTI_JEWISH,ANTI_ASIAN
OFF_AGNST_PUB_ORD_SENSBLTY,ASSAULT_RELATED_OFFENSES,ANTI_JEWISH,ANTI_FEMALE_HOMOSEXUAL_LESBIAN
OFF_AGNST_PUB_ORD_SENSBLTY,ASSAULT_RELATED_OFFENSES,ROBBERY,ANTI_JEWISH,ANTI_MALE_HOMOSEXUAL_GAY,ANTI_ASIAN
OFF_AGNST_PUB_ORD_SENSBLTY,CRIMINAL_MISCHIEF_RELATED_OF,ASSAULT_RELATED_OFFENSES,ANTI_JEWISH,ANTI_ASIAN
OFF_AGNST_PUB_ORD_SENSBLTY,CRIMINAL_MISCHIEF_RELATED_OF,ANTI_JEWISH,ANTI_MALE_HOMOSEXUAL_GAY
OFF_AGNST_PUB_ORD_SENSBLTY,ROBBERY,ANTI_JEWISH,ANTI_ASIAN
OFF_AGNST_PUB_ORD_SENSBLTY,ANTI_JEWISH
OFF_AGNST_PUB_ORD_SENSBLTY,ANTI_JEWISH
OFF_AGNST_PUB_ORD_SENSBLTY,ASSAULT_RELATED_OFFENSES,ANTI_JEWISH,ANTI_ASIAN
OFF_AGNST_PUB_ORD_SENSBLTY,ANTI_JEWISH
OFF_AGNST_PUB_ORD_SENSBLTY,ANTI_JEWISH,ANTI_ASIAN
OFF_AGNST_PUB_ORD_SENSBLTY,ANTI_JEWISH
OFF_AGNST_PUB_ORD_SENSBLTY,CRIMINAL_MISCHIEF_RELATED_OF,ANTI_JEWISH
OFF_AGNST_PUB_ORD_SENSBLTY,ANTI_JEWISH
OFF_AGNST_PUB_ORD_SENSBLTY,ASSAULT_RELATED_OFFENSES,FELONY_ASSAULT,ANTI_JEWISH,ANTI_ASIAN
OFF_AGNST_PUB_ORD_SENSBLTY,FELONY_ASSAULT,ANTI_JEWISH,ANTI_WHITE
OFF_AGNST_PUB_ORD_SENSBLTY,ANTI_JEWISH
OFF_AGNST_PUB_ORD_SENSBLTY,ASSAULT_RELATED_OFFENSES,ANTI_JEWISH,ANTI_BLACK
OFF_AGNST_PUB_ORD_SENSBLTY,CRIMINAL_MISCHIEF_RELATED_OF,ASSAULT_RELATED_OFFENSES,ANTI_JEWISH,ANTI_ASIAN,ANTI_MALE_HOMOSEXUAL_GAY
OFF_AGNST_PUB_ORD_SENSBLTY,ANTI_JEWISH
OFF_AGNST_PUB_ORD_SENSBLTY,ANTI_JEWISH
OFF_AGNST_PUB_ORD_SENSBLTY,CRIMINAL_MISCHIEF_RELATED_OF,ANTI_JEWISH
OFF_AGNST_PUB_ORD_SENSBLTY,ANTI_JEWISH
OFF_AGNST_PUB_ORD_SENSBLTY,MISCELLANEOUS_PENAL_LAW,ASSAULT_RELATED_OFFENSES,ANTI_JEWISH,ANTI_BLACK
OFF_AGNST_PUB_ORD_SENSBLTY,ANTI_JEWISH
OFF_AGNST_PUB_ORD_SENSBLTY,ASSAULT_RELATED_OFFENSES,ANTI_JEWISH
OFF_AGNST_PUB_ORD_SENSBLTY,ANTI_JEWISH
OFF_AGNST_PUB_ORD_SENSBLTY,ANTI_JEWISH
OFF_AGNST_PUB_ORD_SENSBLTY,ANTI_JEWISH
OFF_AGNST_PUB_ORD_SENSBLTY,FELONY_ASSAULT,ASSAULT_RELATED_OFFENSES,ANTI_JEWISH
OFF_AGNST_PUB_ORD_SENSBLTY,ANTI_JEWISH
OFF_AGNST_PUB_ORD_SENSBLTY,FELONY_ASSAULT,ANTI_JEWISH
OFF_AGNST_PUB_ORD_SENSBLTY,ANTI_JEWISH
OFF_AGNST_PUB_ORD_SENSBLTY,ANTI_JEWISH
OFF_AGNST_PUB_ORD_SENSBLTY,ROBBERY,ASSAULT_RELATED_OFFENSES,ANTI_JEWISH,ANTI_MUSLIM,ANTI_HISPANIC
OFF_AGNST_PUB_ORD_SENSBLTY,ASSAULT_RELATED_OFFENSES,ANTI_JEWISH,ANTI_WHITE
OFF_AGNST_PUB_ORD_SENSBLTY,ASSAULT_RELATED_OFFENSES,ANTI_JEWISH,ANTI_MUSLIM
OFF_AGNST_PUB_ORD_SENSBLTY,ASSAULT_RELATED_OFFENSES,ANTI_JEWISH,ANTI_MALE_HOMOSEXUAL_GAY,ANTI_BLACK
OFF_AGNST_PUB_ORD_SENSBLTY,ASSAULT_RELATED_OFFENSES,ANTI_JEWISH,ANTI_SIKH,ANTI_MALE_HOMOSEXUAL_GAY
OFF_AGNST_PUB_ORD_SENSBLTY,FELONY_ASSAULT,ANTI_JEWISH,ANTI_HISPANIC
OFF_AGNST_PUB_ORD_SENSBLTY,FELONY_ASSAULT,ANTI_JEWISH,ANTI_MALE_HOMOSEXUAL_GAY
OFF_AGNST_PUB_ORD_SENSBLTY,MISCELLANEOUS_PENAL_LAW,CRIMINAL_MISCHIEF_RELATED_OF,ANTI_JEWISH
OFF_AGNST_PUB_ORD_SENSBLTY,MISCELLANEOUS_PENAL_LAW,ANTI_JEWISH
OFF_AGNST_PUB_ORD_SENSBLTY,ANTI_JEWISH
OFF_AGNST_PUB_ORD_SENSBLTY,ANTI_JEWISH
OFF_AGNST_PUB_ORD_SENSBLTY,ANTI_JEWISH
OFF_AGNST_PUB_ORD_SENSBLTY,ANTI_JEWISH
OFF_AGNST_PUB_ORD_SENSBLTY,ANTI_JEWISH
OFF_AGNST_PUB_ORD_SENSBLTY,ANTI_JEWISH
OFF_AGNST_PUB_ORD_SENSBLTY,ASSAULT_RELATED_OFFENSES,ANTI_JEWISH,ANTI_MALE_HOMOSEXUAL_GAY
OFF_AGNST_PUB_ORD_SENSBLTY,MISCELLANEOUS_PENAL_LAW,ANTI_JEWISH,ANTI_BLACK
OFF_AGNST_PUB_ORD_SENSBLTY,MISCELLANEOUS_PENAL_LAW,ANTI_JEWISH,ANTI_WHITE
OFF_AGNST_PUB_ORD_SENSBLTY,ANTI_JEWISH
OFF_AGNST_PUB_ORD_SENSBLTY,ANTI_JEWISH
OFF_AGNST_PUB_ORD_SENSBLTY,ANTI_JEWISH
OFF_AGNST_PUB_ORD_SENSBLTY,ANTI_JEWISH,ANTI_BLACK
OFF_AGNST_PUB_ORD_SENSBLTY,MISCELLANEOUS_PENAL_LAW,ANTI_JEWISH
OFF_AGNST_PUB_ORD_SENSBLTY,ROBBERY,ANTI_JEWISH,ANTI_WHITE
OFF_AGNST_PUB_ORD_SENSBLTY,ANTI_JEWISH
OFF_AGNST_PUB_ORD_SENSBLTY,ANTI_JEWISH
OFF_AGNST_PUB_ORD_SENSBLTY,ANTI_JEWISH,ANTI_MALE_HOMOSEXUAL_GAY
OFF_AGNST_PUB_ORD_SENSBLTY,ANTI_JEWISH
OFF_AGNST_PUB_ORD_SENSBLTY,ANTI_JEWISH
OFF_AGNST_PUB_ORD_SENSBLTY,CRIMINAL_MISCHIEF_RELATED_OF,ANTI_JEWISH
FRAUDS,ANTI_JEWISH
PETIT_LARCENY,ANTI_JEWISH
MISCELLANEOUS_PENAL_LAW,ANTI_JEWISH
MISCELLANEOUS_PENAL_LAW,ANTI_JEWISH
ASSAULT_RELATED_OFFENSES,ANTI_JEWISH,ANTI_ASIAN
FELONY_ASSAULT,ASSAULT_RELATED_OFFENSES,ANTI_JEWISH,ANTI_ASIAN
GRAND_LARCENY,ASSAULT_RELATED_OFFENSES,OFF_AGNST_PUB_ORD_SENSBLTY,ANTI_JEWISH,ANTI_MALE_HOMOSEXUAL_GAY,ANTI_ASIAN
FELONY_ASSAULT,CRIMINAL_MISCHIEF_RELATED_OF,CRIMINAL_TRESPASS,ANTI_JEWISH
ASSAULT_RELATED_OFFENSES,ANTI_JEWISH
MISCELLANEOUS_PENAL_LAW,ANTI_JEWISH
INVESTIGATIONS_COMPLAINTS_ONLY,CRIMINAL_MISCHIEF_RELATED_OF,FELONY_ASSAULT,ANTI_JEWISH,ANTI_OTHER_ETHNICITY
MISCELLANEOUS_PENAL_LAW,ANTI_JEWISH
FELONY_ASSAULT,ANTI_JEWISH
MISCELLANEOUS_PENAL_LAW,ANTI_JEWISH
FELONY_ASSAULT,MISCELLANEOUS_PENAL_LAW,ANTI_JEWISH
MISCELLANEOUS_PENAL_LAW,CRIMINAL_MISCHIEF_RELATED_OF,ANTI_JEWISH
MISCELLANEOUS_PENAL_LAW,CRIMINAL_MISCHIEF_RELATED_OF,ANTI_JEWISH
ASSAULT_RELATED_OFFENSES,CRIMINAL_MISCHIEF_RELATED_OF,ANTI_JEWISH
MISCELLANEOUS_PENAL_LAW,CRIMINAL_MISCHIEF_RELATED_OF,ANTI_JEWISH
ASSAULT_RELATED_OFFENSES,ANTI_JEWISH
MISCELLANEOUS_PENAL_LAW,ANTI_JEWISH
GRAND_LARCENY,ANTI_JEWISH
MISCELLANEOUS_PENAL_LAW,ANTI_JEWISH
PETIT_LARCENY,ANTI_JEWISH
GRAND_LARCENY,ANTI_JEWISH
MISCELLANEOUS_PENAL_LAW,ANTI_JEWISH
FELONY_ASSAULT,ASSAULT_RELATED_OFFENSES,ANTI_JEWISH
MISCELLANEOUS_PENAL_LAW,CRIMINAL_MISCHIEF_RELATED_OF,ANTI_JEWISH,ANTI_ASIAN
PETIT_LARCENY,CRIMINAL_MISCHIEF_RELATED_OF,ANTI_JEWISH,ANTI_BLACK
MISCELLANEOUS_PENAL_LAW,ANTI_JEWISH
MISCELLANEOUS_PENAL_LAW,ANTI_JEWISH
HARRASSMENT,MURDER_NON_NEGL_MANSLAUGHTE,ANTI_JEWISH,ANTI_ASIAN
ASSAULT_RELATED_OFFENSES,CRIMINAL_MISCHIEF_RELATED_OF,ANTI_JEWISH
ASSAULT_RELATED_OFFENSES,ANTI_JEWISH
ASSAULT_RELATED_OFFENSES,CRIMINAL_MISCHIEF_RELATED_OF,ROBBERY,ANTI_JEWISH,ANTI_CATHOLIC
ASSAULT_RELATED_OFFENSES,ANTI_JEWISH
GRAND_LARCENY,ANTI_JEWISH
HARRASSMENT,FELONY_ASSAULT,ANTI_JEWISH
HARRASSMENT,CRIMINAL_MISCHIEF_RELATED_OF,ANTI_JEWISH,ANTI_HISPANIC
GRAND_LARCENY,FELONY_ASSAULT,ANTI_JEWISH,ANTI_TRANSGENDER
GRAND_LARCENY,ANTI_JEWISH
ASSAULT_RELATED_OFFENSES,ANTI_JEWISH
ASSAULT_RELATED_OFFENSES,BURGLARY,ANTI_JEWISH
ASSAULT_RELATED_OFFENSES,FELONY_ASSAULT,ANTI_JEWISH
MISCELLANEOUS_PENAL_LAW,ANTI_JEWISH
GRAND_LARCENY,ANTI_JEWISH
ASSAULT_RELATED_OFFENSES,ANTI_JEWISH
GRAND_LARCENY,ANTI_JEWISH
GRAND_LARCENY,ASSAULT_RELATED_OFFENSES,ANTI_JEWISH,ANTI_ASIAN
ASSAULT_RELATED_OFFENSES,ANTI_JEWISH,ANTI_MUSLIM
ASSAULT_RELATED_OFFENSES,ANTI_JEWISH
ASSAULT_RELATED_OFFENSES,ANTI_JEWISH
MISCELLANEOUS_PENAL_LAW,ANTI_JEWISH
FELONY_ASSAULT,OFF_AGNST_PUB_ORD_SENSBLTY,ASSAULT_RELATED_OFFENSES,ANTI_JEWISH
FELONY_ASSAULT,ANTI_JEWISH
FELONY_ASSAULT,ANTI_JEWISH
GRAND_LARCENY,ANTI_JEWISH
GRAND_LARCENY,ANTI_JEWISH
ROBBERY,ANTI_JEWISH
MISCELLANEOUS_PENAL_LAW,CRIMINAL_MISCHIEF_RELATED_OF,ANTI_JEWISH,ANTI_ASIAN
GRAND_LARCENY,FELONY_ASSAULT,ANTI_JEWISH
GRAND_LARCENY,FELONY_ASSAULT,ASSAULT_RELATED_OFFENSES,ANTI_JEWISH,ANTI_MALE_HOMOSEXUAL_GAY
FELONY_ASSAULT,ANTI_JEWISH
GRAND_LARCENY,ANTI_JEWISH
GRAND_LARCENY,ANTI_JEWISH
MISCELLANEOUS_PENAL_LAW,FELONY_ASSAULT,ASSAULT_RELATED_OFFENSES,ANTI_JEWISH
ARSON,ANTI_JEWISH
FELONY_ASSAULT,ANTI_JEWISH
FELONY_ASSAULT,ANTI_JEWISH
OFFENSES_AGAINST_THE_PERSON,MISCELLANEOUS_PENAL_LAW,OFF_AGNST_PUB_ORD_SENSBLTY,ANTI_JEWISH
FELONY_ASSAULT,ANTI_JEWISH
MISCELLANEOUS_PENAL_LAW,ANTI_JEWISH
MISCELLANEOUS_PENAL_LAW,CRIMINAL_MISCHIEF_RELATED_OF,GRAND_LARCENY,ANTI_JEWISH,ANTI_BUDDHIST
ASSAULT_RELATED_OFFENSES,ANTI_JEWISH
ASSAULT_RELATED_OFFENSES,ANTI_JEWISH
FELONY_ASSAULT,ANTI_JEWISH
MISCELLANEOUS_PENAL_LAW,ANTI_JEWISH
ASSAULT_RELATED_OFFENSES,ANTI_JEWISH,ANTI_MALE_HOMOSEXUAL_GAY
MISCELLANEOUS_PENAL_LAW,FELONY_ASSAULT,OFF_AGNST_PUB_ORD_SENSBLTY,ANTI_JEWISH,ANTI_ASIAN
MISCELLANEOUS_PENAL_LAW,ANTI_JEWISH
FELONY_ASSAULT,ANTI_JEWISH,ANTI_ASIAN
GRAND_LARCENY,OFF_AGNST_PUB_ORD_SENSBLTY,ANTI_JEWISH,ANTI_MALE_HOMOSEXUAL_GAY
ASSAULT_RELATED_OFFENSES,ANTI_JEWISH
ASSAULT_RELATED_OFFENSES,MISCELLANEOUS_PENAL_LAW,FELONY_ASSAULT,ANTI_JEWISH,ANTI_MALE_HOMOSEXUAL_GAY,ANTI_TRANSGENDER
ARSON,FELONY_ASSAULT,ANTI_JEWISH,ANTI_MALE_HOMOSEXUAL_GAY
CRIMINAL_MISCHIEF_RELATED_OF,ANTI_JEWISH
CRIMINAL_MISCHIEF_RELATED_OF,ANTI_JEWISH
CRIMINAL_MISCHIEF_RELATED_OF,ANTI_JEWISH
CRIMINAL_MISCHIEF_RELATED_OF,ANTI_JEWISH
CRIMINAL_MISCHIEF_RELATED_OF,ANTI_JEWISH
CRIMINAL_MISCHIEF_RELATED_OF,ANTI_JEWISH
CRIMINAL_MISCHIEF_RELATED_OF,ANTI_JEWISH,ANTI_MUSLIM
CRIMINAL_MISCHIEF_RELATED_OF,ANTI_JEWISH
CRIMINAL_MISCHIEF_RELATED_OF,ANTI_JEWISH
CRIMINAL_MISCHIEF_RELATED_OF,ANTI_JEWISH
CRIMINAL_MISCHIEF_RELATED_OF,MISCELLANEOUS_PENAL_LAW,ANTI_JEWISH,ANTI_LGBT_MIXED_GROUP
CRIMINAL_MISCHIEF_RELATED_OF,ANTI_JEWISH
CRIMINAL_MISCHIEF_RELATED_OF,ANTI_JEWISH
CRIMINAL_MISCHIEF_RELATED_OF,ANTI_JEWISH
CRIMINAL_MISCHIEF_RELATED_OF,ANTI_JEWISH
CRIMINAL_MISCHIEF_RELATED_OF,ANTI_JEWISH
CRIMINAL_MISCHIEF_RELATED_OF,ANTI_JEWISH
CRIMINAL_MISCHIEF_RELATED_OF,ANTI_JEWISH
CRIMINAL_MISCHIEF_RELATED_OF,FELONY_ASSAULT,ANTI_JEWISH,ANTI_ASIAN
CRIMINAL_MISCHIEF_RELATED_OF,ANTI_JEWISH
CRIMINAL_MISCHIEF_RELATED_OF,ANTI_JEWISH
CRIMINAL_MISCHIEF_RELATED_OF,ANTI_JEWISH
CRIMINAL_MISCHIEF_RELATED_OF,ANTI_JEWISH
CRIMINAL_MISCHIEF_RELATED_OF,ANTI_JEWISH
CRIMINAL_MISCHIEF_RELATED_OF,OFF_AGNST_PUB_ORD_SENSBLTY,ANTI_JEWISH,ANTI_BLACK
CRIMINAL_MISCHIEF_RELATED_OF,ANTI_JEWISH
CRIMINAL_MISCHIEF_RELATED_OF,ANTI_JEWISH
CRIMINAL_MISCHIEF_RELATED_OF,ANTI_JEWISH
CRIMINAL_MISCHIEF_RELATED_OF,ANTI_JEWISH
CRIMINAL_MISCHIEF_RELATED_OF,ANTI_JEWISH
CRIMINAL_MISCHIEF_RELATED_OF,MISCELLANEOUS_PENAL_LAW,ANTI_JEWISH,ANTI_ASIAN
CRIMINAL_MISCHIEF_RELATED_OF,ANTI_JEWISH
CRIMINAL_MISCHIEF_RELATED_OF,OFF_AGNST_PUB_ORD_SENSBLTY,ASSAULT_RELATED_OFFENSES,ANTI_JEWISH,ANTI_ASIAN
CRIMINAL_MISCHIEF_RELATED_OF,ANTI_JEWISH
CRIMINAL_MISCHIEF_RELATED_OF,OFF_AGNST_PUB_ORD_SENSBLTY,MISCELLANEOUS_PENAL_LAW,ANTI_JEWISH,ANTI_MALE_HOMOSEXUAL_GAY
CRIMINAL_MISCHIEF_RELATED_OF,OFF_AGNST_PUB_ORD_SENSBLTY,ANTI_JEWISH,ANTI_EASTERN_ORTHODOX
CRIMINAL_MISCHIEF_RELATED_OF,ANTI_JEWISH
CRIMINAL_MISCHIEF_RELATED_OF,ANTI_JEWISH,ANTI_BLACK
CRIMINAL_MISCHIEF_RELATED_OF,ANTI_JEWISH
CRIMINAL_MISCHIEF_RELATED_OF,ANTI_JEWISH
CRIMINAL_MISCHIEF_RELATED_OF,ANTI_JEWISH
CRIMINAL_MISCHIEF_RELATED_OF,ANTI_JEWISH
CRIMINAL_MISCHIEF_RELATED_OF,FELONY_ASSAULT,ASSAULT_RELATED_OFFENSES,ANTI_JEWISH,ANTI_ASIAN
CRIMINAL_MISCHIEF_RELATED_OF,ANTI_JEWISH
CRIMINAL_MISCHIEF_RELATED_OF,ANTI_JEWISH
CRIMINAL_MISCHIEF_RELATED_OF,ANTI_JEWISH
CRIMINAL_MISCHIEF_RELATED_OF,ANTI_JEWISH
CRIMINAL_MISCHIEF_RELATED_OF,ANTI_JEWISH
CRIMINAL_MISCHIEF_RELATED_OF,ANTI_JEWISH
CRIMINAL_MISCHIEF_RELATED_OF,ANTI_JEWISH
CRIMINAL_MISCHIEF_RELATED_OF,ANTI_JEWISH
CRIMINAL_MISCHIEF_RELATED_OF,ASSAULT_RELATED_OFFENSES,ANTI_JEWISH,ANTI_BLACK
CRIMINAL_MISCHIEF_RELATED_OF,ANTI_JEWISH
CRIMINAL_MISCHIEF_RELATED_OF,ANTI_JEWISH
CRIMINAL_MISCHIEF_RELATED_OF,ANTI_JEWISH,ANTI_BLACK
CRIMINAL_MISCHIEF_RELATED_OF,MURDER_NON_NEGL_MANSLAUGHTE,ANTI_JEWISH,ANTI_SIKH
CRIMINAL_MISCHIEF_RELATED_OF,ASSAULT_RELATED_OFFENSES,FELONY_ASSAULT,ANTI_JEWISH,ANTI_MUSLIM,ANTI_OTHER_ETHNICITY,ANTI_ASIAN
CRIMINAL_MISCHIEF_RELATED_OF,ANTI_JEWISH
CRIMINAL_MISCHIEF_RELATED_OF,ANTI_JEWISH
CRIMINAL_MISCHIEF_RELATED_OF,ANTI_JEWISH
CRIMINAL_MISCHIEF_RELATED_OF,ANTI_JEWISH
CRIMINAL_MISCHIEF_RELATED_OF,OFF_AGNST_PUB_ORD_SENSBLTY,ANTI_JEWISH,ANTI_JEHOVAHS_WITNESS
CRIMINAL_MISCHIEF_RELATED_OF,ANTI_JEWISH
CRIMINAL_MISCHIEF_RELATED_OF,ANTI_JEWISH
CRIMINAL_MISCHIEF_RELATED_OF,ANTI_JEWISH
CRIMINAL_MISCHIEF_RELATED_OF,ANTI_JEWISH
CRIMINAL_MISCHIEF_RELATED_OF,ANTI_JEWISH,ANTI_BLACK
CRIMINAL_MISCHIEF_RELATED_OF,ROBBERY,FELONY_ASSAULT,ANTI_JEWISH,ANTI_BLACK,ANTI_MALE_HOMOSEXUAL_GAY,ANTI_WHITE
CRIMINAL_MISCHIEF_RELATED_OF,ANTI_JEWISH
CRIMINAL_MISCHIEF_RELATED_OF,MISCELLANEOUS_PENAL_LAW,OFF_AGNST_PUB_ORD_SENSBLTY,ANTI_JEWISH,ANTI_BLACK
CRIMINAL_MISCHIEF_RELATED_OF,MISCELLANEOUS_PENAL_LAW,ANTI_JEWISH,ANTI_BLACK
CRIMINAL_MISCHIEF_RELATED_OF,ANTI_JEWISH
CRIMINAL_MISCHIEF_RELATED_OF,ANTI_JEWISH
CRIMINAL_MISCHIEF_RELATED_OF,ANTI_JEWISH
CRIMINAL_MISCHIEF_RELATED_OF,ANTI_JEWISH
CRIMINAL_MISCHIEF_RELATED_OF,ANTI_JEWISH
CRIMINAL_MISCHIEF_RELATED_OF,ANTI_JEWISH
CRIMINAL_MISCHIEF_RELATED_OF,ANTI_JEWISH
CRIMINAL_MISCHIEF_RELATED_OF,ANTI_JEWISH
CRIMINAL_MISCHIEF_RELATED_OF,ANTI_JEWISH
CRIMINAL_MISCHIEF_RELATED_OF,ANTI_JEWISH
CRIMINAL_MISCHIEF_RELATED_OF,OFF_AGNST_PUB_ORD_SENSBLTY,ANTI_JEWISH,ANTI_WHITE,ANTI_OTHER_RELIGION
CRIMINAL_MISCHIEF_RELATED_OF,ANTI_JEWISH
CRIMINAL_MISCHIEF_RELATED_OF,ANTI_JEWISH
CRIMINAL_MISCHIEF_RELATED_OF,FELONY_ASSAULT,ANTI_JEWISH,ANTI_TRANSGENDER
CRIMINAL_MISCHIEF_RELATED_OF,ANTI_JEWISH
CRIMINAL_MISCHIEF_RELATED_OF,ANTI_JEWISH
CRIMINAL_MISCHIEF_RELATED_OF,ANTI_JEWISH,ANTI_CATHOLIC
CRIMINAL_MISCHIEF_RELATED_OF,ANTI_JEWISH
CRIMINAL_MISCHIEF_RELATED_OF,ANTI_JEWISH
CRIMINAL_MISCHIEF_RELATED_OF,ANTI_JEWISH
CRIMINAL_MISCHIEF_RELATED_OF,ANTI_JEWISH
CRIMINAL_MISCHIEF_RELATED_OF,ANTI_JEWISH
CRIMINAL_MISCHIEF_RELATED_OF,ANTI_JEWISH
CRIMINAL_MISCHIEF_RELATED_OF,OFF_AGNST_PUB_ORD_SENSBLTY,ANTI_JEWISH,ANTI_WHITE
CRIMINAL_MISCHIEF_RELATED_OF,MISCELLANEOUS_PENAL_LAW,ANTI_JEWISH
CRIMINAL_MISCHIEF_RELATED_OF,ANTI_JEWISH
CRIMINAL_MISCHIEF_RELATED_OF,ANTI_JEWISH
CRIMINAL_MISCHIEF_RELATED_OF,ANTI_JEWISH
CRIMINAL_MISCHIEF_RELATED_OF,ANTI_JEWISH
CRIMINAL_MISCHIEF_RELATED_OF,ANTI_JEWISH
CRIMINAL_MISCHIEF_RELATED_OF,ANTI_JEWISH
CRIMINAL_MISCHIEF_RELATED_OF,ANTI_JEWISH
CRIMINAL_MISCHIEF_RELATED_OF,ANTI_JEWISH
CRIMINAL_MISCHIEF_RELATED_OF,ASSAULT_RELATED_OFFENSES,ANTI_JEWISH,ANTI_FEMALE
CRIMINAL_MISCHIEF_RELATED_OF,ANTI_JEWISH
CRIMINAL_MISCHIEF_RELATED_OF,ANTI_JEWISH
CRIMINAL_MISCHIEF_RELATED_OF,ANTI_JEWISH
CRIMINAL_MISCHIEF_RELATED_OF,ANTI_JEWISH
CRIMINAL_MISCHIEF_RELATED_OF,ANTI_JEWISH
CRIMINAL_MISCHIEF_RELATED_OF,FELONY_ASSAULT,MISCELLANEOUS_PENAL_LAW,ANTI_JEWISH,ANTI_ASIAN
CRIMINAL_MISCHIEF_RELATED_OF,OFF_AGNST_PUB_ORD_SENSBLTY,ANTI_JEWISH
CRIMINAL_MISCHIEF_RELATED_OF,ANTI_JEWISH
CRIMINAL_MISCHIEF_RELATED_OF,ANTI_JEWISH
CRIMINAL_MISCHIEF_RELATED_OF,MISCELLANEOUS_PENAL_LAW,ANTI_JEWISH,ANTI_ASIAN
CRIMINAL_MISCHIEF_RELATED_OF,OFF_AGNST_PUB_ORD_SENSBLTY,ANTI_JEWISH,ANTI_BLACK
CRIMINAL_MISCHIEF_RELATED_OF,ANTI_JEWISH
CRIMINAL_MISCHIEF_RELATED_OF,ANTI_JEWISH
CRIMINAL_MISCHIEF_RELATED_OF,ANTI_JEWISH
CRIMINAL_MISCHIEF_RELATED_OF,ANTI_JEWISH
CRIMINAL_MISCHIEF_RELATED_OF,ANTI_JEWISH
CRIMINAL_MISCHIEF_RELATED_OF,ANTI_JEWISH
CRIMINAL_MISCHIEF_RELATED_OF,ANTI_JEWISH
CRIMINAL_MISCHIEF_RELATED_OF,OFF_AGNST_PUB_ORD_SENSBLTY,ANTI_JEWISH,ANTI_ASIAN
CRIMINAL_MISCHIEF_RELATED_OF,ANTI_JEWISH
CRIMINAL_MISCHIEF_RELATED_OF,ANTI_JEWISH
CRIMINAL_MISCHIEF_RELATED_OF,ASSAULT_RELATED_OFFENSES,ANTI_JEWISH,ANTI_MALE_HOMOSEXUAL_GAY
CRIMINAL_MISCHIEF_RELATED_OF,OFF_AGNST_PUB_ORD_SENSBLTY,ANTI_JEWISH,ANTI_ASIAN
CRIMINAL_MISCHIEF_RELATED_OF,ANTI_JEWISH
CRIMINAL_MISCHIEF_RELATED_OF,SEX_CRIMES,ANTI_JEWISH,ANTI_FEMALE_HOMOSEXUAL_LESBIAN
CRIMINAL_MISCHIEF_RELATED_OF,ANTI_JEWISH
CRIMINAL_MISCHIEF_RELATED_OF,ANTI_JEWISH
CRIMINAL_MISCHIEF_RELATED_OF,FELONY_ASSAULT,ANTI_JEWISH,ANTI_MALE_HOMOSEXUAL_GAY
CRIMINAL_MISCHIEF_RELATED_OF,ANTI_JEWISH
CRIMINAL_MISCHIEF_RELATED_OF,ANTI_JEWISH,ANTI_OTHER_ETHNICITY
CRIMINAL_MISCHIEF_RELATED_OF,ANTI_JEWISH,ANTI_MALE_HOMOSEXUAL_GAY
CRIMINAL_MISCHIEF_RELATED_OF,OFF_AGNST_PUB_ORD_SENSBLTY,ANTI_JEWISH
CRIMINAL_MISCHIEF_RELATED_OF,OFF_AGNST_PUB_ORD_SENSBLTY,ANTI_JEWISH
CRIMINAL_MISCHIEF_RELATED_OF,ANTI_JEWISH
CRIMINAL_MISCHIEF_RELATED_OF,ANTI_JEWISH,ANTI_MALE_HOMOSEXUAL_GAY
CRIMINAL_MISCHIEF_RELATED_OF,FELONY_ASSAULT,ANTI_JEWISH,ANTI_MALE_HOMOSEXUAL_GAY
CRIMINAL_MISCHIEF_RELATED_OF,ASSAULT_RELATED_OFFENSES,ANTI_JEWISH,ANTI_ASIAN
CRIMINAL_MISCHIEF_RELATED_OF,ANTI_JEWISH
CRIMINAL_MISCHIEF_RELATED_OF,ASSAULT_RELATED_OFFENSES,ANTI_JEWISH,ANTI_ASIAN,ANTI_BLACK
CRIMINAL_MISCHIEF_RELATED_OF,ANTI_JEWISH
CRIMINAL_MISCHIEF_RELATED_OF,ASSAULT_RELATED_OFFENSES,ANTI_JEWISH,ANTI_MUSLIM
CRIMINAL_MISCHIEF_RELATED_OF,ANTI_JEWISH
CRIMINAL_MISCHIEF_RELATED_OF,OFF_AGNST_PUB_ORD_SENSBLTY,ASSAULT_RELATED_OFFENSES,ANTI_JEWISH,ANTI_MALE_HOMOSEXUAL_GAY,ANTI_WHITE
CRIMINAL_MISCHIEF_RELATED_OF,ANTI_JEWISH
FELONY_ASSAULT,ANTI_WHITE
FELONY_ASSAULT,ASSAULT_RELATED_OFFENSES,ANTI_TRANSGENDER,ANTI_WHITE
FELONY_ASSAULT,ASSAULT_RELATED_OFFENSES,ANTI_WHITE
FELONY_ASSAULT,ANTI_MALE_HOMOSEXUAL_GAY
FELONY_ASSAULT,ANTI_WHITE
FELONY_ASSAULT,ANTI_MALE_HOMOSEXUAL_GAY
FELONY_ASSAULT,ANTI_BLACK
FELONY_ASSAULT,ANTI_ASIAN
FELONY_ASSAULT,ANTI_TRANSGENDER
FELONY_ASSAULT,ANTI_FEMALE_HOMOSEXUAL_LESBIAN
FELONY_ASSAULT,ANTI_MUSLIM
FELONY_ASSAULT,ANTI_HISPANIC
FELONY_ASSAULT,ANTI_ASIAN
FELONY_ASSAULT,OFF_AGNST_PUB_ORD_SENSBLTY,ANTI_MALE_HOMOSEXUAL_GAY
FELONY_ASSAULT,ANTI_MALE_HOMOSEXUAL_GAY
FELONY_ASSAULT,ANTI_MALE_HOMOSEXUAL_GAY,ANTI_WHITE
FELONY_ASSAULT,ANTI_ASIAN
FELONY_ASSAULT,ANTI_WHITE
FELONY_ASSAULT,ANTI_ASIAN
FELONY_ASSAULT,ANTI_TRANSGENDER
FELONY_ASSAULT,CRIMINAL_MISCHIEF_RELATED_OF,ANTI_WHITE,ANTI_MALE_HOMOSEXUAL_GAY
FELONY_ASSAULT,ASSAULT_RELATED_OFFENSES,ANTI_MALE_HOMOSEXUAL_GAY
FELONY_ASSAULT,ANTI_MALE_HOMOSEXUAL_GAY
FELONY_ASSAULT,OFF_AGNST_PUB_ORD_SENSBLTY,ANTI_MALE_HOMOSEXUAL_GAY,ANTI_MUSLIM
FELONY_ASSAULT,ANTI_ASIAN
FELONY_ASSAULT,ASSAULT_RELATED_OFFENSES,ANTI_MALE_HOMOSEXUAL_GAY
FELONY_ASSAULT,ANTI_MALE_HOMOSEXUAL_GAY
FELONY_ASSAULT,ANTI_ASIAN
FELONY_ASSAULT,ANTI_BLACK
FELONY_ASSAULT,OFF_AGNST_PUB_ORD_SENSBLTY,ANTI_ASIAN
FELONY_ASSAULT,ANTI_ASIAN
FELONY_ASSAULT,ANTI_TRANSGENDER
FELONY_ASSAULT,MISCELLANEOUS_PENAL_LAW,CRIMINAL_MISCHIEF_RELATED_OF,ANTI_ASIAN,ANTI_BLACK
FELONY_ASSAULT,ANTI_GENDER_NON_CONFORMING
FELONY_ASSAULT,ANTI_ASIAN
FELONY_ASSAULT,ANTI_ASIAN
FELONY_ASSAULT,ANTI_ASIAN
FELONY_ASSAULT,ANTI_MALE_HOMOSEXUAL_GAY
FELONY_ASSAULT,ANTI_HISPANIC
FELONY_ASSAULT,ANTI_MALE_HOMOSEXUAL_GAY
FELONY_ASSAULT,ANTI_TRANSGENDER
FELONY_ASSAULT,ANTI_HISPANIC
FELONY_ASSAULT,ANTI_TRANSGENDER
FELONY_ASSAULT,ANTI_HISPANIC
FELONY_ASSAULT,ANTI_ASIAN
FELONY_ASSAULT,ANTI_HISPANIC
FELONY_ASSAULT,OFF_AGNST_PUB_ORD_SENSBLTY,ANTI_MALE_HOMOSEXUAL_GAY
FELONY_ASSAULT,ASSAULT_RELATED_OFFENSES,ANTI_WHITE,ANTI_JEWISH
FELONY_ASSAULT,ANTI_MALE_HOMOSEXUAL_GAY
FELONY_ASSAULT,HARRASSMENT,MISCELLANEOUS_PENAL_LAW,ANTI_MALE_HOMOSEXUAL_GAY,ANTI_BLACK
FELONY_ASSAULT,ANTI_HISPANIC,ANTI_MALE_HOMOSEXUAL_GAY
FELONY_ASSAULT,ANTI_BLACK
FELONY_ASSAULT,ANTI_FEMALE_HOMOSEXUAL_LESBIAN
FELONY_ASSAULT,ANTI_MALE_HOMOSEXUAL_GAY
FELONY_ASSAULT,ANTI_MALE_HOMOSEXUAL_GAY,ANTI_JEWISH
FELONY_ASSAULT,ASSAULT_RELATED_OFFENSES,ANTI_HISPANIC,ANTI_OTHER_ETHNICITY
FELONY_ASSAULT,ANTI_WHITE
ROBBERY,OFF_AGNST_PUB_ORD_SENSBLTY,ANTI_MALE_HOMOSEXUAL_GAY,ANTI_JEWISH
MISCELLANEOUS_PENAL_LAW,ANTI_ARAB
ROBBERY,MISCELLANEOUS_PENAL_LAW,ANTI_MALE_HOMOSEXUAL_GAY,ANTI_JEWISH
HARRASSMENT,OFF_AGNST_PUB_ORD_SENSBLTY,ANTI_WHITE,ANTI_OTHER_ETHNICITY
MISCELLANEOUS_PENAL_LAW,ANTI_PHYSICAL_DISABILITY
MISCELLANEOUS_PENAL_LAW,ANTI_OTHER_ETHNICITY
MISCELLANEOUS_PENAL_LAW,ANTI_BLACK
BURGLARY,ANTI_CATHOLIC
MISCELLANEOUS_PENAL_LAW,ANTI_BLACK
MISCELLANEOUS_PENAL_LAW,ANTI_BLACK
ROBBERY,ANTI_HISPANIC
MISCELLANEOUS_PENAL_LAW,ANTI_OTHER_ETHNICITY
ASSAULT_RELATED_OFFENSES,ANTI_MALE_HOMOSEXUAL_GAY
ASSAULT_RELATED_OFFENSES,ANTI_WHITE
MISCELLANEOUS_PENAL_LAW,CRIMINAL_MISCHIEF_RELATED_OF,FELONY_ASSAULT,ANTI_BLACK,ANTI_CATHOLIC,ANTI_MALE_HOMOSEXUAL_GAY
MISCELLANEOUS_PENAL_LAW,CRIMINAL_MISCHIEF_RELATED_OF,ANTI_BLACK
MISCELLANEOUS_PENAL_LAW,OFF_AGNST_PUB_ORD_SENSBLTY,ANTI_MALE_HOMOSEXUAL_GAY
MISCELLANEOUS_PENAL_LAW,ANTI_FEMALE_HOMOSEXUAL_LESBIAN
ROBBERY,ANTI_GENDER_NON_CONFORMING
MISCELLANEOUS_PENAL_LAW,ANTI_FEMALE_HOMOSEXUAL_LESBIAN
MISCELLANEOUS_PENAL_LAW,ANTI_BLACK
PETIT_LARCENY,ANTI_CATHOLIC
MISCELLANEOUS_PENAL_LAW,ANTI_CATHOLIC
ASSAULT_RELATED_OFFENSES,ANTI_MALE_HOMOSEXUAL_GAY
MISCELLANEOUS_PENAL_LAW,ANTI_MALE_HOMOSEXUAL_GAY
MISCELLANEOUS_PENAL_LAW,ANTI_RELIGIOUS_PRACTICE_GENERALLY
MISCELLANEOUS_PENAL_LAW,ASSAULT_RELATED_OFFENSES,ANTI_MALE_HOMOSEXUAL_GAY,ANTI_JEWISH
MISCELLANEOUS_PENAL_LAW,ANTI_OTHER_ETHNICITY
MISCELLANEOUS_PENAL_LAW,ANTI_BLACK
HARRASSMENT,ANTI_ASIAN
MISCELLANEOUS_PENAL_LAW,ANTI_BLACK
ROBBERY,ANTI_MALE_HOMOSEXUAL_GAY
SEX_CRIMES,CRIMINAL_MISCHIEF_RELATED_OF,FELONY_ASSAULT,ANTI_ASIAN,ANTI_JEWISH,ANTI_MALE_HOMOSEXUAL_GAY
SEX_CRIMES,MISCELLANEOUS_PENAL_LAW,ANTI_FEMALE_HOMOSEXUAL_LESBIAN,ANTI_JEWISH
GRAND_LARCENY,ANTI_WHITE
ASSAULT_RELATED_OFFENSES,ANTI_ASIAN,ANTI_WHITE
GRAND_LARCENY,ASSAULT_RELATED_OFFENSES,ROBBERY,ANTI_ASIAN
MISCELLANEOUS_PENAL_LAW,ANTI_BLACK
MISCELLANEOUS_PENAL_LAW,OFF_AGNST_PUB_ORD_SENSBLTY,ANTI_LGBT_MIXED_GROUP,ANTI_ASIAN
ASSAULT_RELATED_OFFENSES,ANTI_MALE_HOMOSEXUAL_GAY
MISCELLANEOUS_PENAL_LAW,ASSAULT_RELATED_OFFENSES,CRIMINAL_MISCHIEF_RELATED_OF,FELONY_ASSAULT,ANTI_ASIAN
ASSAULT_RELATED_OFFENSES,OFF_AGNST_PUB_ORD_SENSBLTY,FELONY_ASSAULT,ANTI_ASIAN,ANTI_FEMALE_HOMOSEXUAL_LESBIAN
MISCELLANEOUS_PENAL_LAW,ASSAULT_RELATED_OFFENSES,ANTI_MALE_HOMOSEXUAL_GAY,ANTI_ASIAN
MISCELLANEOUS_PENAL_LAW,ASSAULT_RELATED_OFFENSES,OFF_AGNST_PUB_ORD_SENSBLTY,ANTI_ASIAN,ANTI_MALE_HOMOSEXUAL_GAY
MURDER_NON_NEGL_MANSLAUGHTE,ANTI_ASIAN
GRAND_LARCENY,ASSAULT_RELATED_OFFENSES,ANTI_MUSLIM,ANTI_TRANSGENDER
MISCELLANEOUS_PENAL_LAW,ANTI_BLACK
ASSAULT_RELATED_OFFENSES,ANTI_OTHER_ETHNICITY
MISCELLANEOUS_PENAL_LAW,ANTI_BLACK
MISCELLANEOUS_PENAL_LAW,ANTI_MALE_HOMOSEXUAL_GAY
ROBBERY,ASSAULT_RELATED_OFFENSES,ANTI_TRANSGENDER,ANTI_MALE_HOMOSEXUAL_GAY
CRIMINAL_TRESPASS,ANTI_BLACK
HARRASSMENT,ANTI_MALE_HOMOSEXUAL_GAY
ROBBERY,ANTI_MALE_HOMOSEXUAL_GAY
MISCELLANEOUS_PENAL_LAW,ANTI_ASIAN
MISCELLANEOUS_PENAL_LAW,ANTI_TRANSGENDER
ASSAULT_RELATED_OFFENSES,ANTI_ASIAN
ROBBERY,ANTI_ASIAN
ASSAULT_RELATED_OFFENSES,ANTI_ASIAN
ASSAULT_RELATED_OFFENSES,ROBBERY,OFF_AGNST_PUB_ORD_SENSBLTY,ANTI_ASIAN,ANTI_MALE_HOMOSEXUAL_GAY
MISCELLANEOUS_PENAL_LAW,ANTI_MALE_HOMOSEXUAL_GAY
ASSAULT_RELATED_OFFENSES,OFF_AGNST_PUB_ORD_SENSBLTY,CRIMINAL_MISCHIEF_RELATED_OF,ANTI_ASIAN,ANTI_WHITE
ROBBERY,ASSAULT_RELATED_OFFENSES,ANTI_MALE_HOMOSEXUAL_GAY,ANTI_ASIAN
MISCELLANEOUS_PENAL_LAW,ASSAULT_RELATED_OFFENSES,ANTI_ASIAN
ASSAULT_RELATED_OFFENSES,ANTI_MALE_HOMOSEXUAL_GAY
MISCELLANEOUS_PENAL_LAW,ANTI_ASIAN
ASSAULT_RELATED_OFFENSES,ANTI_OTHER_ETHNICITY
ROBBERY,ASSAULT_RELATED_OFFENSES,ANTI_MALE_HOMOSEXUAL_GAY,ANTI_FEMALE_HOMOSEXUAL_LESBIAN
HARRASSMENT,ANTI_BLACK
ROBBERY,ANTI_MALE_HOMOSEXUAL_GAY
BURGLARY,ANTI_BLACK
ROBBERY,ANTI_OTHER_ETHNICITY
GRAND_LARCENY,MISCELLANEOUS_PENAL_LAW,ANTI_ASIAN
BURGLARY,ANTI_PROTESTANT
ASSAULT_RELATED_OFFENSES,ANTI_HISPANIC
ROBBERY,FELONY_ASSAULT,ANTI_MALE_HOMOSEXUAL_GAY,ANTI_MUSLIM
ROBBERY,ANTI_TRANSGENDER
BURGLARY,ANTI_BLACK
PETIT_LARCENY,ANTI_CATHOLIC
MISCELLANEOUS_PENAL_LAW,OFF_AGNST_PUB_ORD_SENSBLTY,ANTI_BLACK,ANTI_MUSLIM
MISCELLANEOUS_PENAL_LAW,ANTI_MUSLIM
MISCELLANEOUS_PENAL_LAW,OFF_AGNST_PUB_ORD_SENSBLTY,ANTI_MALE_HOMOSEXUAL_GAY,ANTI_BLACK
ROBBERY,ASSAULT_RELATED_OFFENSES,FELONY_ASSAULT,ANTI_MALE_HOMOSEXUAL_GAY,ANTI_MUSLIM,ANTI_WHITE,ANTI_ASIAN
ASSAULT_RELATED_OFFENSES,FELONY_ASSAULT,ANTI_MALE_HOMOSEXUAL_GAY,ANTI_HISPANIC
MISCELLANEOUS_PENAL_LAW,ANTI_FEMALE_HOMOSEXUAL_LESBIAN
MISCELLANEOUS_PENAL_LAW,ASSAULT_RELATED_OFFENSES,ANTI_PROTESTANT,ANTI_MALE_HOMOSEXUAL_GAY
HOMICIDE_NEGLIGENT_UNCLASSIFIE,ANTI_HISPANIC
ROBBERY,ANTI_MALE_HOMOSEXUAL_GAY
MISCELLANEOUS_PENAL_LAW,ANTI_BLACK
MISCELLANEOUS_PENAL_LAW,ROBBERY,ANTI_BLACK,ANTI_MALE_HOMOSEXUAL_GAY
MISCELLANEOUS_PENAL_LAW,ANTI_BLACK
ASSAULT_RELATED_OFFENSES,ANTI_GENDER_NON_CONFORMING
MISCELLANEOUS_PENAL_LAW,ANTI_MALE_HOMOSEXUAL_GAY
MISCELLANEOUS_PENAL_LAW,ASSAULT_RELATED_OFFENSES,ANTI_BLACK,ANTI_MALE_HOMOSEXUAL_GAY
PETIT_LARCENY,CRIMINAL_MISCHIEF_RELATED_OF,MISCELLANEOUS_PENAL_LAW,ANTI_MALE_HOMOSEXUAL_GAY,ANTI_JEWISH
HARRASSMENT,CRIMINAL_MISCHIEF_RELATED_OF,ANTI_MALE_HOMOSEXUAL_GAY
ROBBERY,ANTI_MALE_HOMOSEXUAL_GAY
ASSAULT_RELATED_OFFENSES,ANTI_HISPANIC
MISCELLANEOUS_PENAL_LAW,ASSAULT_RELATED_OFFENSES,ANTI_CATHOLIC,ANTI_ASIAN
HARRASSMENT,ANTI_MALE_HOMOSEXUAL_GAY
MISCELLANEOUS_PENAL_LAW,ANTI_WHITE
ASSAULT_RELATED_OFFENSES,ANTI_MALE_HOMOSEXUAL_GAY
ASSAULT_RELATED_OFFENSES,CRIMINAL_MISCHIEF_RELATED_OF,ANTI_MALE_HOMOSEXUAL_GAY,ANTI_JEWISH
ASSAULT_RELATED_OFFENSES,ANTI_MALE_HOMOSEXUAL_GAY
ASSAULT_RELATED_OFFENSES,ANTI_OTHER_ETHNICITY
ASSAULT_RELATED_OFFENSES,ANTI_WHITE
ASSAULT_RELATED_OFFENSES,FELONY_ASSAULT,ANTI_WHITE,ANTI_FEMALE_HOMOSEXUAL_LESBIAN
ASSAULT_RELATED_OFFENSES,ANTI_MALE_HOMOSEXUAL_GAY
ASSAULT_RELATED_OFFENSES,ANTI_WHITE
ASSAULT_RELATED_OFFENSES,OFF_AGNST_PUB_ORD_SENSBLTY,ANTI_HISPANIC,ANTI_BLACK
ASSAULT_RELATED_OFFENSES,ANTI_MALE_HOMOSEXUAL_GAY
ASSAULT_RELATED_OFFENSES,ANTI_MALE_HOMOSEXUAL_GAY
ASSAULT_RELATED_OFFENSES,ANTI_MALE_HOMOSEXUAL_GAY
ASSAULT_RELATED_OFFENSES,ANTI_MALE_HOMOSEXUAL_GAY
ASSAULT_RELATED_OFFENSES,ANTI_FEMALE_HOMOSEXUAL_LESBIAN
ASSAULT_RELATED_OFFENSES,ANTI_MUSLIM
ASSAULT_RELATED_OFFENSES,ANTI_MUSLIM
ASSAULT_RELATED_OFFENSES,ANTI_FEMALE
ASSAULT_RELATED_OFFENSES,ANTI_BLACK
ASSAULT_RELATED_OFFENSES,ANTI_ASIAN
ASSAULT_RELATED_OFFENSES,ANTI_ASIAN
ASSAULT_RELATED_OFFENSES,ANTI_ASIAN
ASSAULT_RELATED_OFFENSES,ANTI_ASIAN
ASSAULT_RELATED_OFFENSES,OFF_AGNST_PUB_ORD_SENSBLTY,ANTI_ASIAN,ANTI_MALE_HOMOSEXUAL_GAY
ASSAULT_RELATED_OFFENSES,MISCELLANEOUS_PENAL_LAW,ANTI_ASIAN
ASSAULT_RELATED_OFFENSES,ANTI_MALE_HOMOSEXUAL_GAY,ANTI_OTHER_ETHNICITY
ASSAULT_RELATED_OFFENSES,ANTI_ASIAN
ASSAULT_RELATED_OFFENSES,ANTI_MALE_HOMOSEXUAL_GAY
ASSAULT_RELATED_OFFENSES,ANTI_ASIAN
ASSAULT_RELATED_OFFENSES,ANTI_MALE_HOMOSEXUAL_GAY
ASSAULT_RELATED_OFFENSES,ANTI_WHITE
ASSAULT_RELATED_OFFENSES,ANTI_ASIAN
ASSAULT_RELATED_OFFENSES,ANTI_HISPANIC
ASSAULT_RELATED_OFFENSES,ANTI_ASIAN
ASSAULT_RELATED_OFFENSES,ANTI_ASIAN
ASSAULT_RELATED_OFFENSES,ANTI_ASIAN
ASSAULT_RELATED_OFFENSES,ANTI_WHITE
ASSAULT_RELATED_OFFENSES,ANTI_TRANSGENDER
ASSAULT_RELATED_OFFENSES,ANTI_FEMALE_HOMOSEXUAL_LESBIAN
ASSAULT_RELATED_OFFENSES,ANTI_TRANSGENDER
ASSAULT_RELATED_OFFENSES,OFF_AGNST_PUB_ORD_SENSBLTY,ANTI_ASIAN,ANTI_OTHER_ETHNICITY
ASSAULT_RELATED_OFFENSES,ANTI_MALE_HOMOSEXUAL_GAY
ASSAULT_RELATED_OFFENSES,ANTI_MALE_HOMOSEXUAL_GAY
ASSAULT_RELATED_OFFENSES,ANTI_ASIAN
ASSAULT_RELATED_OFFENSES,ANTI_HISPANIC
ASSAULT_RELATED_OFFENSES,ANTI_ASIAN
ASSAULT_RELATED_OFFENSES,ROBBERY,ANTI_MALE_HOMOSEXUAL_GAY
ASSAULT_RELATED_OFFENSES,ANTI_MALE_HOMOSEXUAL_GAY
ASSAULT_RELATED_OFFENSES,OFF_AGNST_PUB_ORD_SENSBLTY,CRIMINAL_MISCHIEF_RELATED_OF,FELONY_ASSAULT,ANTI_ASIAN,ANTI_OTHER_ETHNICITY,ANTI_JEWISH,ANTI_MALE_HOMOSEXUAL_GAY
ASSAULT_RELATED_OFFENSES,OFF_AGNST_PUB_ORD_SENSBLTY,CRIMINAL_MISCHIEF_RELATED_OF,ANTI_MALE_HOMOSEXUAL_GAY,ANTI_ASIAN,ANTI_JEWISH
ASSAULT_RELATED_OFFENSES,ANTI_MALE_HOMOSEXUAL_GAY
ASSAULT_RELATED_OFFENSES,ANTI_MALE_HOMOSEXUAL_GAY
ASSAULT_RELATED_OFFENSES,ANTI_MALE_HOMOSEXUAL_GAY
ASSAULT_RELATED_OFFENSES,ANTI_MALE_HOMOSEXUAL_GAY
ASSAULT_RELATED_OFFENSES,ANTI_TRANSGENDER
ASSAULT_RELATED_OFFENSES,ANTI_OTHER_ETHNICITY
ASSAULT_RELATED_OFFENSES,ANTI_OTHER_ETHNICITY
ASSAULT_RELATED_OFFENSES,ANTI_ASIAN
ASSAULT_RELATED_OFFENSES,ANTI_MUSLIM
ASSAULT_RELATED_OFFENSES,OFF_AGNST_PUB_ORD_SENSBLTY,ANTI_OTHER_ETHNICITY,ANTI_MALE_HOMOSEXUAL_GAY
ASSAULT_RELATED_OFFENSES,CRIMINAL_MISCHIEF_RELATED_OF,ANTI_OTHER_ETHNICITY,ANTI_CATHOLIC
ASSAULT_RELATED_OFFENSES,ANTI_HISPANIC
ASSAULT_RELATED_OFFENSES,ANTI_HISPANIC,ANTI_MALE_HOMOSEXUAL_GAY,ANTI_JEWISH
ASSAULT_RELATED_OFFENSES,ANTI_MUSLIM
ASSAULT_RELATED_OFFENSES,ANTI_MALE_HOMOSEXUAL_GAY
ASSAULT_RELATED_OFFENSES,ANTI_MALE_HOMOSEXUAL_GAY
ASSAULT_RELATED_OFFENSES,ANTI_ASIAN
ASSAULT_RELATED_OFFENSES,ANTI_MALE_HOMOSEXUAL_GAY
ASSAULT_RELATED_OFFENSES,SEX_CRIMES,ANTI_OTHER_ETHNICITY,ANTI_HISPANIC
ASSAULT_RELATED_OFFENSES,ANTI_BLACK
ASSAULT_RELATED_OFFENSES,ANTI_MALE_HOMOSEXUAL_GAY
ASSAULT_RELATED_OFFENSES,ANTI_HISPANIC
ASSAULT_RELATED_OFFENSES,ANTI_OTHER_ETHNICITY
ASSAULT_RELATED_OFFENSES,ANTI_SIKH
ASSAULT_RELATED_OFFENSES,ANTI_ASIAN
ASSAULT_RELATED_OFFENSES,ANTI_OTHER_ETHNICITY
ASSAULT_RELATED_OFFENSES,ANTI_ASIAN
ASSAULT_RELATED_OFFENSES,ANTI_MALE_HOMOSEXUAL_GAY
ASSAULT_RELATED_OFFENSES,ANTI_ASIAN
OFF_AGNST_PUB_ORD_SENSBLTY,FELONY_ASSAULT,ANTI_FEMALE_HOMOSEXUAL_LESBIAN,ANTI_MUSLIM
OFF_AGNST_PUB_ORD_SENSBLTY,ANTI_MALE_HOMOSEXUAL_GAY
OFF_AGNST_PUB_ORD_SENSBLTY,ANTI_TRANSGENDER
OFF_AGNST_PUB_ORD_SENSBLTY,ANTI_MALE_HOMOSEXUAL_GAY
OFF_AGNST_PUB_ORD_SENSBLTY,ANTI_LGBT_MIXED_GROUP
OFF_AGNST_PUB_ORD_SENSBLTY,ANTI_MALE_HOMOSEXUAL_GAY
OFF_AGNST_PUB_ORD_SENSBLTY,ANTI_MALE_HOMOSEXUAL_GAY
OFF_AGNST_PUB_ORD_SENSBLTY,ANTI_HISPANIC
OFF_AGNST_PUB_ORD_SENSBLTY,ANTI_MALE_HOMOSEXUAL_GAY
OFF_AGNST_PUB_ORD_SENSBLTY,ASSAULT_RELATED_OFFENSES,ANTI_OTHER_ETHNICITY,ANTI_MALE_HOMOSEXUAL_GAY
OFF_AGNST_PUB_ORD_SENSBLTY,ANTI_ARAB,ANTI_ASIAN
OFF_AGNST_PUB_ORD_SENSBLTY,ASSAULT_RELATED_OFFENSES,ANTI_MALE_HOMOSEXUAL_GAY
OFF_AGNST_PUB_ORD_SENSBLTY,ANTI_MALE_HOMOSEXUAL_GAY
OFF_AGNST_PUB_ORD_SENSBLTY,FELONY_ASSAULT,ANTI_MALE_HOMOSEXUAL_GAY,ANTI_ASIAN
OFF_AGNST_PUB_ORD_SENSBLTY,ASSAULT_RELATED_OFFENSES,ANTI_MALE_HOMOSEXUAL_GAY
OFF_AGNST_PUB_ORD_SENSBLTY,ANTI_MUSLIM
OFF_AGNST_PUB_ORD_SENSBLTY,ANTI_MUSLIM
OFF_AGNST_PUB_ORD_SENSBLTY,ANTI_MALE_HOMOSEXUAL_GAY
OFF_AGNST_PUB_ORD_SENSBLTY,ANTI_TRANSGENDER,ANTI_BLACK
OFF_AGNST_PUB_ORD_SENSBLTY,ANTI_MUSLIM
OFF_AGNST_PUB_ORD_SENSBLTY,ANTI_TRANSGENDER
OFF_AGNST_PUB_ORD_SENSBLTY,ANTI_MALE_HOMOSEXUAL_GAY
OFF_AGNST_PUB_ORD_SENSBLTY,ANTI_TRANSGENDER
OFF_AGNST_PUB_ORD_SENSBLTY,ANTI_HISPANIC
OFF_AGNST_PUB_ORD_SENSBLTY,ANTI_MALE_HOMOSEXUAL_GAY
OFF_AGNST_PUB_ORD_SENSBLTY,ANTI_MUSLIM
OFF_AGNST_PUB_ORD_SENSBLTY,CRIMINAL_MISCHIEF_RELATED_OF,ANTI_MALE_HOMOSEXUAL_GAY,ANTI_HINDU
OFF_AGNST_PUB_ORD_SENSBLTY,MISCELLANEOUS_PENAL_LAW,ANTI_MALE_HOMOSEXUAL_GAY,ANTI_MUSLIM
OFF_AGNST_PUB_ORD_SENSBLTY,ANTI_MALE_HOMOSEXUAL_GAY
OFF_AGNST_PUB_ORD_SENSBLTY,MISCELLANEOUS_PENAL_LAW,ASSAULT_RELATED_OFFENSES,ANTI_MALE_HOMOSEXUAL_GAY,ANTI_JEWISH,ANTI_TRANSGENDER
OFF_AGNST_PUB_ORD_SENSBLTY,ANTI_MUSLIM
OFF_AGNST_PUB_ORD_SENSBLTY,ANTI_MALE_HOMOSEXUAL_GAY
OFF_AGNST_PUB_ORD_SENSBLTY,ASSAULT_RELATED_OFFENSES,ANTI_MALE_HOMOSEXUAL_GAY,ANTI_JEWISH
OFF_AGNST_PUB_ORD_SENSBLTY,ANTI_MALE_HOMOSEXUAL_GAY
OFF_AGNST_PUB_ORD_SENSBLTY,ASSAULT_RELATED_OFFENSES,ANTI_OTHER_ETHNICITY,ANTI_BLACK
OFF_AGNST_PUB_ORD_SENSBLTY,CRIMINAL_MISCHIEF_RELATED_OF,ROBBERY,ANTI_OTHER_ETHNICITY,ANTI_BLACK,ANTI_MUSLIM
OFF_AGNST_PUB_ORD_SENSBLTY,ANTI_MUSLIM
OFF_AGNST_PUB_ORD_SENSBLTY,ANTI_HISPANIC
OFF_AGNST_PUB_ORD_SENSBLTY,ANTI_MALE_HOMOSEXUAL_GAY
OFF_AGNST_PUB_ORD_SENSBLTY,ANTI_MALE_HOMOSEXUAL_GAY
OFF_AGNST_PUB_ORD_SENSBLTY,ANTI_MALE_HOMOSEXUAL_GAY,ANTI_BLACK
OFF_AGNST_PUB_ORD_SENSBLTY,ANTI_MUSLIM
OFF_AGNST_PUB_ORD_SENSBLTY,ANTI_BLACK
OFF_AGNST_PUB_ORD_SENSBLTY,ASSAULT_RELATED_OFFENSES,ANTI_ASIAN
OFF_AGNST_PUB_ORD_SENSBLTY,ANTI_ASIAN
OFF_AGNST_PUB_ORD_SENSBLTY,ANTI_ASIAN
OFF_AGNST_PUB_ORD_SENSBLTY,ANTI_WHITE
OFF_AGNST_PUB_ORD_SENSBLTY,ANTI_BLACK
OFF_AGNST_PUB_ORD_SENSBLTY,ANTI_BLACK
OFF_AGNST_PUB_ORD_SENSBLTY,ANTI_WHITE
OFF_AGNST_PUB_ORD_SENSBLTY,ANTI_ASIAN
OFF_AGNST_PUB_ORD_SENSBLTY,ANTI_ASIAN
OFF_AGNST_PUB_ORD_SENSBLTY,ANTI_BLACK,ANTI_ASIAN
OFF_AGNST_PUB_ORD_SENSBLTY,ANTI_ASIAN
OFF_AGNST_PUB_ORD_SENSBLTY,FELONY_ASSAULT,ASSAULT_RELATED_OFFENSES,ANTI_ASIAN,ANTI_MALE_HOMOSEXUAL_GAY,ANTI_BLACK
OFF_AGNST_PUB_ORD_SENSBLTY,ANTI_ASIAN
OFF_AGNST_PUB_ORD_SENSBLTY,ANTI_ASIAN
OFF_AGNST_PUB_ORD_SENSBLTY,ANTI_ASIAN
OFF_AGNST_PUB_ORD_SENSBLTY,ANTI_ASIAN
OFF_AGNST_PUB_ORD_SENSBLTY,ANTI_BLACK
OFF_AGNST_PUB_ORD_SENSBLTY,ANTI_ASIAN
OFF_AGNST_PUB_ORD_SENSBLTY,ANTI_BLACK,ANTI_JEWISH
OFF_AGNST_PUB_ORD_SENSBLTY,ANTI_ASIAN
OFF_AGNST_PUB_ORD_SENSBLTY,ANTI_BLACK
OFF_AGNST_PUB_ORD_SENSBLTY,ANTI_WHITE
OFF_AGNST_PUB_ORD_SENSBLTY,ANTI_BLACK
OFF_AGNST_PUB_ORD_SENSBLTY,CRIMINAL_MISCHIEF_RELATED_OF,ANTI_ASIAN,ANTI_MALE_HOMOSEXUAL_GAY
OFF_AGNST_PUB_ORD_SENSBLTY,ASSAULT_RELATED_OFFENSES,ANTI_BLACK,ANTI_TRANSGENDER
OFF_AGNST_PUB_ORD_SENSBLTY,ANTI_ASIAN,ANTI_JEWISH
OFF_AGNST_PUB_ORD_SENSBLTY,CRIMINAL_MISCHIEF_RELATED_OF,ASSAULT_RELATED_OFFENSES,ANTI_WHITE,ANTI_CATHOLIC,ANTI_MALE_HOMOSEXUAL_GAY
OFF_AGNST_PUB_ORD_SENSBLTY,ANTI_ASIAN
OFF_AGNST_PUB_ORD_SENSBLTY,ANTI_WHITE
OFF_AGNST_PUB_ORD_SENSBLTY,ASSAULT_RELATED_OFFENSES,ANTI_ASIAN
OFF_AGNST_PUB_ORD_SENSBLTY,ANTI_BLACK
OFF_AGNST_PUB_ORD_SENSBLTY,ANTI_BLACK
OFF_AGNST_PUB_ORD_SENSBLTY,ANTI_BLACK
OFF_AGNST_PUB_ORD_SENSBLTY,ANTI_WHITE
OFF_AGNST_PUB_ORD_SENSBLTY,ANTI_ASIAN
OFF_AGNST_PUB_ORD_SENSBLTY,ANTI_BLACK
OFF_AGNST_PUB_ORD_SENSBLTY,ANTI_ASIAN
OFF_AGNST_PUB_ORD_SENSBLTY,ANTI_BLACK
OFF_AGNST_PUB_ORD_SENSBLTY,ANTI_ASIAN
OFF_AGNST_PUB_ORD_SENSBLTY,FELONY_ASSAULT,ANTI_ASIAN,ANTI_MALE_HOMOSEXUAL_GAY
OFF_AGNST_PUB_ORD_SENSBLTY,ANTI_ASIAN
OFF_AGNST_PUB_ORD_SENSBLTY,ANTI_ASIAN
OFF_AGNST_PUB_ORD_SENSBLTY,ANTI_BLACK
OFF_AGNST_PUB_ORD_SENSBLTY,ANTI_ASIAN
OFF_AGNST_PUB_ORD_SENSBLTY,ANTI_WHITE
OFF_AGNST_PUB_ORD_SENSBLTY,ANTI_ASIAN
OFF_AGNST_PUB_ORD_SENSBLTY,ANTI_ASIAN
OFF_AGNST_PUB_ORD_SENSBLTY,ANTI_BLACK
OFF_AGNST_PUB_ORD_SENSBLTY,ANTI_BLACK
OFF_AGNST_PUB_ORD_SENSBLTY,ANTI_BLACK
OFF_AGNST_PUB_ORD_SENSBLTY,ANTI_BLACK
CRIMINAL_MISCHIEF_RELATED_OF,ANTI_BLACK
CRIMINAL_MISCHIEF_RELATED_OF,ANTI_WHITE
CRIMINAL_MISCHIEF_RELATED_OF,ANTI_BLACK
CRIMINAL_MISCHIEF_RELATED_OF,ANTI_BLACK
CRIMINAL_MISCHIEF_RELATED_OF,ASSAULT_RELATED_OFFENSES,ANTI_WHITE
CRIMINAL_MISCHIEF_RELATED_OF,ANTI_WHITE
CRIMINAL_MISCHIEF_RELATED_OF,ANTI_BLACK
CRIMINAL_MISCHIEF_RELATED_OF,ANTI_BLACK
CRIMINAL_MISCHIEF_RELATED_OF,ANTI_BLACK
CRIMINAL_MISCHIEF_RELATED_OF,ASSAULT_RELATED_OFFENSES,ANTI_BLACK
CRIMINAL_MISCHIEF_RELATED_OF,ANTI_BLACK
CRIMINAL_MISCHIEF_RELATED_OF,ANTI_BLACK
CRIMINAL_MISCHIEF_RELATED_OF,ANTI_BLACK
CRIMINAL_MISCHIEF_RELATED_OF,ANTI_ASIAN
CRIMINAL_MISCHIEF_RELATED_OF,ANTI_ASIAN
CRIMINAL_MISCHIEF_RELATED_OF,ANTI_BLACK
CRIMINAL_MISCHIEF_RELATED_OF,ANTI_BLACK
CRIMINAL_MISCHIEF_RELATED_OF,ANTI_BLACK
CRIMINAL_MISCHIEF_RELATED_OF,ANTI_BLACK
CRIMINAL_MISCHIEF_RELATED_OF,ANTI_WHITE
CRIMINAL_MISCHIEF_RELATED_OF,ANTI_ASIAN
CRIMINAL_MISCHIEF_RELATED_OF,ANTI_BLACK
CRIMINAL_MISCHIEF_RELATED_OF,OFF_AGNST_PUB_ORD_SENSBLTY,ANTI_BLACK,ANTI_MALE_HOMOSEXUAL_GAY
CRIMINAL_MISCHIEF_RELATED_OF,ANTI_BLACK
CRIMINAL_MISCHIEF_RELATED_OF,ANTI_BLACK
CRIMINAL_MISCHIEF_RELATED_OF,ANTI_BLACK
CRIMINAL_MISCHIEF_RELATED_OF,ANTI_BLACK
CRIMINAL_MISCHIEF_RELATED_OF,FELONY_ASSAULT,ANTI_WHITE,ANTI_TRANSGENDER
CRIMINAL_MISCHIEF_RELATED_OF,ASSAULT_RELATED_OFFENSES,ANTI_BLACK,ANTI_JEWISH
CRIMINAL_MISCHIEF_RELATED_OF,ANTI_ASIAN
CRIMINAL_MISCHIEF_RELATED_OF,ANTI_BLACK
CRIMINAL_MISCHIEF_RELATED_OF,ANTI_BLACK
CRIMINAL_MISCHIEF_RELATED_OF,ANTI_BLACK
CRIMINAL_MISCHIEF_RELATED_OF,ANTI_WHITE
CRIMINAL_MISCHIEF_RELATED_OF,ANTI_BLACK
CRIMINAL_MISCHIEF_RELATED_OF,ANTI_BLACK,ANTI_WHITE
CRIMINAL_MISCHIEF_RELATED_OF,ANTI_ASIAN
CRIMINAL_MISCHIEF_RELATED_OF,ANTI_ASIAN
CRIMINAL_MISCHIEF_RELATED_OF,ANTI_BLACK
CRIMINAL_MISCHIEF_RELATED_OF,ANTI_ASIAN
CRIMINAL_MISCHIEF_RELATED_OF,ANTI_BLACK
CRIMINAL_MISCHIEF_RELATED_OF,ANTI_BLACK
CRIMINAL_MISCHIEF_RELATED_OF,FELONY_ASSAULT,ANTI_BLACK,ANTI_MALE_HOMOSEXUAL_GAY
CRIMINAL_MISCHIEF_RELATED_OF,ANTI_BLACK
CRIMINAL_MISCHIEF_RELATED_OF,ANTI_BLACK
CRIMINAL_MISCHIEF_RELATED_OF,ANTI_BLACK
CRIMINAL_MISCHIEF_RELATED_OF,FELONY_ASSAULT,ANTI_BLACK,ANTI_MUSLIM
CRIMINAL_MISCHIEF_RELATED_OF,ANTI_BLACK
CRIMINAL_MISCHIEF_RELATED_OF,ANTI_BLACK
CRIMINAL_MISCHIEF_RELATED_OF,ANTI_BLACK
CRIMINAL_MISCHIEF_RELATED_OF,ANTI_BLACK
CRIMINAL_MISCHIEF_RELATED_OF,OFF_AGNST_PUB_ORD_SENSBLTY,ANTI_BLACK,ANTI_ASIAN
CRIMINAL_MISCHIEF_RELATED_OF,ANTI_BLACK
CRIMINAL_MISCHIEF_RELATED_OF,ANTI_BLACK
CRIMINAL_MISCHIEF_RELATED_OF,ANTI_BLACK
CRIMINAL_MISCHIEF_RELATED_OF,MISCELLANEOUS_PENAL_LAW,ANTI_ASIAN,ANTI_JEWISH
CRIMINAL_MISCHIEF_RELATED_OF,ANTI_BLACK
CRIMINAL_MISCHIEF_RELATED_OF,ANTI_BLACK
CRIMINAL_MISCHIEF_RELATED_OF,ANTI_BLACK
CRIMINAL_MISCHIEF_RELATED_OF,ANTI_BLACK
CRIMINAL_MISCHIEF_RELATED_OF,ROBBERY,ASSAULT_RELATED_OFFENSES,ANTI_BLACK,ANTI_WHITE,ANTI_ASIAN
CRIMINAL_MISCHIEF_RELATED_OF,ANTI_BLACK
CRIMINAL_MISCHIEF_RELATED_OF,ANTI_BLACK
CRIMINAL_MISCHIEF_RELATED_OF,ANTI_MALE_HOMOSEXUAL_GAY
CRIMINAL_MISCHIEF_RELATED_OF,ANTI_MALE_HOMOSEXUAL_GAY
CRIMINAL_MISCHIEF_RELATED_OF,ANTI_MALE_HOMOSEXUAL_GAY
CRIMINAL_MISCHIEF_RELATED_OF,ANTI_MALE_HOMOSEXUAL_GAY
CRIMINAL_MISCHIEF_RELATED_OF,ANTI_MALE_HOMOSEXUAL_GAY
CRIMINAL_MISCHIEF_RELATED_OF,ANTI_LGBT_MIXED_GROUP
CRIMINAL_MISCHIEF_RELATED_OF,ANTI_MALE_HOMOSEXUAL_GAY
CRIMINAL_MISCHIEF_RELATED_OF,ANTI_MALE_HOMOSEXUAL_GAY
CRIMINAL_MISCHIEF_RELATED_OF,ANTI_MALE_HOMOSEXUAL_GAY
CRIMINAL_MISCHIEF_RELATED_OF,ANTI_MUSLIM
CRIMINAL_MISCHIEF_RELATED_OF,ANTI_TRANSGENDER
CRIMINAL_MISCHIEF_RELATED_OF,ANTI_CATHOLIC
CRIMINAL_MISCHIEF_RELATED_OF,ANTI_HISPANIC
CRIMINAL_MISCHIEF_RELATED_OF,ANTI_OTHER_ETHNICITY
CRIMINAL_MISCHIEF_RELATED_OF,ANTI_HISPANIC
CRIMINAL_MISCHIEF_RELATED_OF,ANTI_CATHOLIC
CRIMINAL_MISCHIEF_RELATED_OF,ANTI_MALE_HOMOSEXUAL_GAY,ANTI_OTHER_ETHNICITY
CRIMINAL_MISCHIEF_RELATED_OF,ANTI_LGBT_MIXED_GROUP
CRIMINAL_MISCHIEF_RELATED_OF,ANTI_ARAB
CRIMINAL_MISCHIEF_RELATED_OF,ANTI_RELIGIOUS_PRACTICE_GENERALLY
CRIMINAL_MISCHIEF_RELATED_OF,ANTI_HISPANIC
CRIMINAL_MISCHIEF_RELATED_OF,ANTI_MALE_HOMOSEXUAL_GAY
CRIMINAL_MISCHIEF_RELATED_OF,ANTI_MALE_HOMOSEXUAL_GAY
CRIMINAL_MISCHIEF_RELATED_OF,ANTI_TRANSGENDER
CRIMINAL_MISCHIEF_RELATED_OF,FELONY_ASSAULT,ANTI_MUSLIM,ANTI_JEWISH
CRIMINAL_MISCHIEF_RELATED_OF,ANTI_MALE_HOMOSEXUAL_GAY
CRIMINAL_MISCHIEF_RELATED_OF,ANTI_HISPANIC
CRIMINAL_MISCHIEF_RELATED_OF,ANTI_MALE_HOMOSEXUAL_GAY
CRIMINAL_MISCHIEF_RELATED_OF,ANTI_OTHER_ETHNICITY
CRIMINAL_MISCHIEF_RELATED_OF,MISCELLANEOUS_PENAL_LAW,ANTI_OTHER_ETHNICITY,ANTI_JEWISH
CRIMINAL_MISCHIEF_RELATED_OF,ANTI_OTHER_ETHNICITY
CRIMINAL_MISCHIEF_RELATED_OF,FELONY_ASSAULT,ROBBERY,SEX_CRIMES,ANTI_OTHER_ETHNICITY,ANTI_ASIAN,ANTI_TRANSGENDER
CRIMINAL_MISCHIEF_RELATED_OF,ANTI_OTHER_ETHNICITY,ANTI_BLACK
CRIMINAL_MISCHIEF_RELATED_OF,OFF_AGNST_PUB_ORD_SENSBLTY,ASSAULT_RELATED_OFFENSES,ANTI_MALE_HOMOSEXUAL_GAY,ANTI_JEWISH,ANTI_ASIAN
CRIMINAL_MISCHIEF_RELATED_OF,OFF_AGNST_PUB_ORD_SENSBLTY,ANTI_RELIGIOUS_PRACTICE_GENERALLY,ANTI_CATHOLIC,ANTI_JEWISH
CRIMINAL_MISCHIEF_RELATED_OF,ANTI_OTHER_ETHNICITY
CRIMINAL_MISCHIEF_RELATED_OF,ANTI_MALE_HOMOSEXUAL_GAY
CRIMINAL_MISCHIEF_RELATED_OF,ANTI_MALE_HOMOSEXUAL_GAY
CRIMINAL_MISCHIEF_RELATED_OF,ANTI_BUDDHIST
CRIMINAL_MISCHIEF_RELATED_OF,FELONY_ASSAULT,ANTI_CATHOLIC,ANTI_HISPANIC
CRIMINAL_MISCHIEF_RELATED_OF,ANTI_MALE_HOMOSEXUAL_GAY
CRIMINAL_MISCHIEF_RELATED_OF,ANTI_LGBT_MIXED_GROUP
CRIMINAL_MISCHIEF_RELATED_OF,ANTI_WHITE
CRIMINAL_MISCHIEF_RELATED_OF,ASSAULT_RELATED_OFFENSES,ANTI_MALE_HOMOSEXUAL_GAY
CRIMINAL_MISCHIEF_RELATED_OF,ANTI_BUDDHIST
CRIMINAL_MISCHIEF_RELATED_OF,ANTI_BLACK
CRIMINAL_MISCHIEF_RELATED_OF,ANTI_OTHER_ETHNICITY
CRIMINAL_MISCHIEF_RELATED_OF,ANTI_BLACK
CRIMINAL_MISCHIEF_RELATED_OF,ANTI_BLACK
CRIMINAL_MISCHIEF_RELATED_OF,ANTI_MULTI_RACIAL_GROUPS
CRIMINAL_MISCHIEF_RELATED_OF,ANTI_BLACK
CRIMINAL_MISCHIEF_RELATED_OF,ANTI_BLACK
CRIMINAL_MISCHIEF_RELATED_OF,ANTI_CATHOLIC
CRIMINAL_MISCHIEF_RELATED_OF,OFF_AGNST_PUB_ORD_SENSBLTY,ANTI_CATHOLIC,ANTI_JEWISH
CRIMINAL_MISCHIEF_RELATED_OF,ANTI_BLACK
CRIMINAL_MISCHIEF_RELATED_OF,ANTI_BLACK
CRIMINAL_MISCHIEF_RELATED_OF,ANTI_HINDU
CRIMINAL_MISCHIEF_RELATED_OF,ANTI_MALE_HOMOSEXUAL_GAY
CRIMINAL_MISCHIEF_RELATED_OF,ANTI_BLACK
CRIMINAL_MISCHIEF_RELATED_OF,ANTI_BLACK
CRIMINAL_MISCHIEF_RELATED_OF,ASSAULT_RELATED_OFFENSES,FELONY_ASSAULT,ANTI_MALE_HOMOSEXUAL_GAY,ANTI_ASIAN
CRIMINAL_MISCHIEF_RELATED_OF,ANTI_MALE_HOMOSEXUAL_GAY
CRIMINAL_MISCHIEF_RELATED_OF,ANTI_ASIAN
CRIMINAL_MISCHIEF_RELATED_OF,ANTI_ASIAN
CRIMINAL_MISCHIEF_RELATED_OF,ANTI_ASIAN
CRIMINAL_MISCHIEF_RELATED_OF,ANTI_ASIAN
CRIMINAL_MISCHIEF_RELATED_OF,FELONY_ASSAULT,ANTI_BUDDHIST,ANTI_FEMALE_HOMOSEXUAL_LESBIAN
CRIMINAL_MISCHIEF_RELATED_OF,FELONY_ASSAULT,ANTI_OTHER_ETHNICITY,ANTI_ASIAN
CRIMINAL_MISCHIEF_RELATED_OF,ANTI_MALE_HOMOSEXUAL_GAY
CRIMINAL_MISCHIEF_RELATED_OF,ANTI_BLACK
CRIMINAL_MISCHIEF_RELATED_OF,ANTI_BLACK
CRIMINAL_MISCHIEF_RELATED_OF,ANTI_BLACK
CRIMINAL_MISCHIEF_RELATED_OF,ANTI_CATHOLIC
CRIMINAL_MISCHIEF_RELATED_OF,ANTI_MALE_HOMOSEXUAL_GAY
CRIMINAL_MISCHIEF_RELATED_OF,ANTI_CATHOLIC
CRIMINAL_MISCHIEF_RELATED_OF,ANTI_MALE_HOMOSEXUAL_GAY
CRIMINAL_MISCHIEF_RELATED_OF,ASSAULT_RELATED_OFFENSES,ANTI_MUSLIM,ANTI_HISPANIC
CRIMINAL_MISCHIEF_RELATED_OF,ANTI_BLACK
CRIMINAL_MISCHIEF_RELATED_OF,ANTI_MALE_HOMOSEXUAL_GAY
CRIMINAL_MISCHIEF_RELATED_OF,MISCELLANEOUS_PENAL_LAW,ANTI_BLACK,ANTI_MALE_HOMOSEXUAL_GAY
CRIMINAL_MISCHIEF_RELATED_OF,ASSAULT_RELATED_OFFENSES,ANTI_MALE_HOMOSEXUAL_GAY,ANTI_ASIAN
CRIMINAL_MISCHIEF_RELATED_OF,ANTI_BLACK
CRIMINAL_MISCHIEF_RELATED_OF,ANTI_BLACK
CRIMINAL_MISCHIEF_RELATED_OF,ANTI_BLACK
CRIMINAL_MISCHIEF_RELATED_OF,ANTI_MALE_HOMOSEXUAL_GAY
CRIMINAL_MISCHIEF_RELATED_OF,ANTI_TRANSGENDER,ANTI_MALE_HOMOSEXUAL_GAY
CRIMINAL_MISCHIEF_RELATED_OF,ANTI_BLACK
CRIMINAL_MISCHIEF_RELATED_OF,ANTI_MALE_HOMOSEXUAL_GAY
CRIMINAL_MISCHIEF_RELATED_OF,ANTI_MALE_HOMOSEXUAL_GAY,ANTI_BLACK
CRIMINAL_MISCHIEF_RELATED_OF,ANTI_CATHOLIC
CRIMINAL_MISCHIEF_RELATED_OF,ANTI_CATHOLIC
CRIMINAL_MISCHIEF_RELATED_OF,BURGLARY,ANTI_OTHER_ETHNICITY,ANTI_CATHOLIC,ANTI_JEWISH
CRIMINAL_MISCHIEF_RELATED_OF,ANTI_CATHOLIC
CRIMINAL_MISCHIEF_RELATED_OF,MISCELLANEOUS_PENAL_LAW,ANTI_CATHOLIC,ANTI_JEWISH
CRIMINAL_MISCHIEF_RELATED_OF,ANTI_CATHOLIC
MISCELLANEOUS_PENAL_LAW,ANTI_BLACK
MISCELLANEOUS_PENAL_LAW,ANTI_MALE_HOMOSEXUAL_GAY
ASSAULT_RELATED_OFFENSES,ANTI_MULTI_RACIAL_GROUPS
CRIMINAL_MISCHIEF_RELATED_OF,ANTI_MALE_HOMOSEXUAL_GAY
CRIMINAL_MISCHIEF_RELATED_OF,ANTI_LGBT_MIXED_GROUP
CRIMINAL_MISCHIEF_RELATED_OF,ANTI_MALE_HOMOSEXUAL_GAY
RAPE,ANTI_WHITE
ROBBERY,ANTI_MUSLIM
ASSAULT_RELATED_OFFENSES,ANTI_TRANSGENDER
MISCELLANEOUS_PENAL_LAW,ANTI_HISPANIC
ROBBERY,ANTI_MALE_HOMOSEXUAL_GAY
DANGEROUS_WEAPONS,ANTI_TRANSGENDER
CRIMINAL_MISCHIEF_RELATED_OF,ANTI_BLACK
ROBBERY,ANTI_MALE_HOMOSEXUAL_GAY
ROBBERY,ANTI_MUSLIM
ASSAULT_RELATED_OFFENSES,ANTI_MALE_HOMOSEXUAL_GAY
CRIMINAL_MISCHIEF_RELATED_OF,ANTI_MUSLIM
ASSAULT_RELATED_OFFENSES,ANTI_TRANSGENDER
ASSAULT_RELATED_OFFENSES,ANTI_BLACK
ASSAULT_RELATED_OFFENSES,ANTI_ASIAN
MISCELLANEOUS_PENAL_LAW,ANTI_ASIAN
MISCELLANEOUS_PENAL_LAW,ANTI_MULTI_RACIAL_GROUPS
ROBBERY,ANTI_ASIAN
ROBBERY,ANTI_MALE_HOMOSEXUAL_GAY
SEX_CRIMES,ANTI_MALE_HOMOSEXUAL_GAY
MISCELLANEOUS_PENAL_LAW,ASSAULT_RELATED_OFFENSES,ANTI_ASIAN
ROBBERY,ANTI_WHITE
ROBBERY,MISCELLANEOUS_PENAL_LAW,ANTI_MALE_HOMOSEXUAL_GAY,ANTI_ASIAN
ASSAULT_RELATED_OFFENSES,ANTI_MALE_HOMOSEXUAL_GAY
GRAND_LARCENY,ANTI_ASIAN
ASSAULT_RELATED_OFFENSES,ANTI_GENDER_NON_CONFORMING
HARRASSMENT,ANTI_MALE_HOMOSEXUAL_GAY
HARRASSMENT,OFF_AGNST_PUB_ORD_SENSBLTY,ANTI_MALE_HOMOSEXUAL_GAY
MURDER_NON_NEGL_MANSLAUGHTE,CRIMINAL_MISCHIEF_RELATED_OF,ANTI_MALE_HOMOSEXUAL_GAY,ANTI_BLACK
MISCELLANEOUS_PENAL_LAW,ANTI_ASIAN
CRIMINAL_MISCHIEF_RELATED_OF,ANTI_ASIAN
GRAND_LARCENY,SIXTY_YRS_AND_OLDER
MISCELLANEOUS_PENAL_LAW,ANTI_BLACK
CRIMINAL_MISCHIEF_RELATED_OF,ASSAULT_RELATED_OFFENSES,ANTI_BLACK,ANTI_MALE_HOMOSEXUAL_GAY
CRIMINAL_MISCHIEF_RELATED_OF,ANTI_BLACK
ASSAULT_RELATED_OFFENSES,ANTI_ASIAN
HARRASSMENT,ANTI_ASIAN
ASSAULT_RELATED_OFFENSES,FELONY_ASSAULT,ANTI_GENDER_NON_CONFORMING
ROBBERY,ANTI_TRANSGENDER
CRIMINAL_MISCHIEF_RELATED_OF,ANTI_CATHOLIC
CRIMINAL_MISCHIEF_RELATED_OF,ANTI_CATHOLIC
CRIMINAL_MISCHIEF_RELATED_OF,ANTI_BLACK
ASSAULT_RELATED_OFFENSES,ANTI_ASIAN
CRIMINAL_MISCHIEF_RELATED_OF,ANTI_BLACK
CRIMINAL_MISCHIEF_RELATED_OF,ANTI_CATHOLIC
MISCELLANEOUS_PENAL_LAW,ANTI_MALE_HOMOSEXUAL_GAY
PETIT_LARCENY,FELONY_ASSAULT,ANTI_ASIAN,ANTI_MALE_HOMOSEXUAL_GAY
ROBBERY,ANTI_FEMALE
ROBBERY,ANTI_MALE_HOMOSEXUAL_GAY
ASSAULT_RELATED_OFFENSES,FELONY_ASSAULT,ANTI_MUSLIM,ANTI_MALE_HOMOSEXUAL_GAY
DANGEROUS_WEAPONS,MISCELLANEOUS_PENAL_LAW,ANTI_TRANSGENDER,ANTI_CATHOLIC
ASSAULT_RELATED_OFFENSES,ANTI_WHITE
HARRASSMENT,ANTI_MUSLIM
CRIMINAL_MISCHIEF_RELATED_OF,ANTI_BLACK
CRIMINAL_MISCHIEF_RELATED_OF,ANTI_CATHOLIC
ASSAULT_RELATED_OFFENSES,ANTI_TRANSGENDER
CRIMINAL_MISCHIEF_RELATED_OF,ANTI_BLACK
CRIMINAL_MISCHIEF_RELATED_OF,ANTI_BLACK
OFFENSES_AGAINST_PUBLIC_ADMINI,ANTI_MALE_HOMOSEXUAL_GAY
ASSAULT_RELATED_OFFENSES,MISCELLANEOUS_PENAL_LAW,ANTI_WHITE,ANTI_MALE_HOMOSEXUAL_GAY
GRAND_LARCENY,ANTI_MALE_HOMOSEXUAL_GAY
ASSAULT_RELATED_OFFENSES,ANTI_BLACK,ANTI_ASIAN
ROBBERY,ANTI_MALE_HOMOSEXUAL_GAY
GRAND_LARCENY,ANTI_CATHOLIC
FELONY_ASSAULT,ANTI_MALE_HOMOSEXUAL_GAY,ANTI_MUSLIM
ASSAULT_RELATED_OFFENSES,ANTI_MALE_HOMOSEXUAL_GAY
FELONY_ASSAULT,ASSAULT_RELATED_OFFENSES,ANTI_WHITE,ANTI_ASIAN
MISCELLANEOUS_PENAL_LAW,ANTI_CATHOLIC
CRIMINAL_MISCHIEF_RELATED_OF,MISCELLANEOUS_PENAL_LAW,ANTI_CATHOLIC,ANTI_JEWISH
MISCELLANEOUS_PENAL_LAW,FELONY_ASSAULT,ANTI_MALE_HOMOSEXUAL_GAY,ANTI_ASIAN
MISCELLANEOUS_PENAL_LAW,ANTI_ASIAN
ASSAULT_RELATED_OFFENSES,ANTI_ASIAN
ASSAULT_RELATED_OFFENSES,ANTI_MUSLIM
ASSAULT_RELATED_OFFENSES,ANTI_HISPANIC
CRIMINAL_MISCHIEF_RELATED_OF,ANTI_EASTERN_ORTHODOX
KIDNAPPING_RELATED_OFFENSES,ANTI_MALE_HOMOSEXUAL_GAY
MISCELLANEOUS_PENAL_LAW,ASSAULT_RELATED_OFFENSES,ANTI_MUSLIM,ANTI_JEWISH
MISCELLANEOUS_PENAL_LAW,ANTI_FEMALE_HOMOSEXUAL_LESBIAN
OFFENSES_AGAINST_THE_PERSON,ANTI_FEMALE_HOMOSEXUAL_LESBIAN
MISCELLANEOUS_PENAL_LAW,OFF_AGNST_PUB_ORD_SENSBLTY,ANTI_FEMALE_HOMOSEXUAL_LESBIAN,ANTI_ASIAN
MISCELLANEOUS_PENAL_LAW,ANTI_FEMALE_HOMOSEXUAL_LESBIAN
ROBBERY,ANTI_MALE_HOMOSEXUAL_GAY
MISCELLANEOUS_PENAL_LAW,ANTI_OTHER_ETHNICITY
ROBBERY,ANTI_ASIAN
MISCELLANEOUS_PENAL_LAW,ANTI_BLACK
ASSAULT_RELATED_OFFENSES,ANTI_HISPANIC
ROBBERY,FELONY_ASSAULT,ANTI_SIKH
CRIMINAL_MISCHIEF_RELATED_OF,MISCELLANEOUS_PENAL_LAW,ANTI_CATHOLIC
ASSAULT_RELATED_OFFENSES,ANTI_HINDU
CRIMINAL_MISCHIEF_RELATED_OF,ANTI_HINDU
CRIMINAL_MISCHIEF_RELATED_OF,OFF_AGNST_PUB_ORD_SENSBLTY,FELONY_ASSAULT,ANTI_OTHER_RELIGION,ANTI_ASIAN
SEX_CRIMES,ANTI_BLACK
MISCELLANEOUS_PENAL_LAW,ANTI_BLACK
DANGEROUS_WEAPONS,ANTI_MALE_HOMOSEXUAL_GAY
ASSAULT_RELATED_OFFENSES,ANTI_MALE_HOMOSEXUAL_GAY
MISCELLANEOUS_PENAL_LAW,ANTI_MALE_HOMOSEXUAL_GAY
ROBBERY,ANTI_ASIAN
OFFENSES_AGAINST_PUBLIC_ADMINI,ANTI_WHITE
ROBBERY,GRAND_LARCENY,ANTI_ASIAN
ASSAULT_RELATED_OFFENSES,ANTI_WHITE,ANTI_HISPANIC
CRIMINAL_MISCHIEF_RELATED_OF,ASSAULT_RELATED_OFFENSES,ANTI_MUSLIM,ANTI_FEMALE_HOMOSEXUAL_LESBIAN
CRIMINAL_MISCHIEF_RELATED_OF,FELONY_ASSAULT,ASSAULT_RELATED_OFFENSES,ANTI_MALE_HOMOSEXUAL_GAY,ANTI_ASIAN
ROBBERY,ASSAULT_RELATED_OFFENSES,FELONY_ASSAULT,ANTI_MALE_HOMOSEXUAL_GAY,ANTI_OTHER_ETHNICITY
SEX_CRIMES,ANTI_MALE_HOMOSEXUAL_GAY
ASSAULT_RELATED_OFFENSES,ANTI_GENDER_NON_CONFORMING
CRIMINAL_MISCHIEF_RELATED_OF,ANTI_FEMALE_HOMOSEXUAL_LESBIAN
MISCELLANEOUS_PENAL_LAW,ANTI_MALE_HOMOSEXUAL_GAY
ASSAULT_RELATED_OFFENSES,MURDER_NON_NEGL_MANSLAUGHTE,ANTI_MALE_HOMOSEXUAL_GAY
CRIMINAL_MISCHIEF_RELATED_OF,ANTI_MALE
ASSAULT_RELATED_OFFENSES,FELONY_ASSAULT,ANTI_MALE_HOMOSEXUAL_GAY
ASSAULT_RELATED_OFFENSES,ROBBERY,FELONY_ASSAULT,ANTI_TRANSGENDER,ANTI_OTHER_ETHNICITY,ANTI_WHITE
SEX_CRIMES,ANTI_TRANSGENDER
ROBBERY,ANTI_OTHER_ETHNICITY
CRIMINAL_MISCHIEF_RELATED_OF,ROBBERY,ASSAULT_RELATED_OFFENSES,ANTI_CATHOLIC,ANTI_JEWISH,ANTI_ASIAN
CRIMINAL_MISCHIEF_RELATED_OF,OFF_AGNST_PUB_ORD_SENSBLTY,ANTI_BLACK
CRIMINAL_MISCHIEF_RELATED_OF,ANTI_MUSLIM
CRIMINAL_MISCHIEF_RELATED_OF,ANTI_BLACK
CRIMINAL_MISCHIEF_RELATED_OF,ANTI_MALE_HOMOSEXUAL_GAY
CRIMINAL_MISCHIEF_RELATED_OF,ANTI_CATHOLIC
FELONY_ASSAULT,ASSAULT_RELATED_OFFENSES,ANTI_FEMALE_HOMOSEXUAL_LESBIAN,ANTI_MALE_HOMOSEXUAL_GAY
CRIMINAL_MISCHIEF_RELATED_OF,ANTI_BLACK
CRIMINAL_MISCHIEF_RELATED_OF,ANTI_CATHOLIC
CRIMINAL_MISCHIEF_RELATED_OF,ANTI_MUSLIM
CRIMINAL_MISCHIEF_RELATED_OF,ANTI_MUSLIM
OFF_AGNST_PUB_ORD_SENSBLTY,ANTI_MUSLIM
OFF_AGNST_PUB_ORD_SENSBLTY,ANTI_MUSLIM
OFF_AGNST_PUB_ORD_SENSBLTY,ANTI_ASIAN
OFF_AGNST_PUB_ORD_SENSBLTY,ANTI_BLACK
OFF_AGNST_PUB_ORD_SENSBLTY,ANTI_BLACK
OFF_AGNST_PUB_ORD_SENSBLTY,ANTI_ASIAN
OFF_AGNST_PUB_ORD_SENSBLTY,ANTI_ASIAN
OFF_AGNST_PUB_ORD_SENSBLTY,ASSAULT_RELATED_OFFENSES,ANTI_MALE_HOMOSEXUAL_GAY,ANTI_BLACK
OFF_AGNST_PUB_ORD_SENSBLTY,ASSAULT_RELATED_OFFENSES,ANTI_MALE_HOMOSEXUAL_GAY,ANTI_ASIAN
OFF_AGNST_PUB_ORD_SENSBLTY,ANTI_OTHER_ETHNICITY
OFF_AGNST_PUB_ORD_SENSBLTY,ANTI_MALE_HOMOSEXUAL_GAY
OFF_AGNST_PUB_ORD_SENSBLTY,ANTI_WHITE
OFF_AGNST_PUB_ORD_SENSBLTY,ANTI_CATHOLIC
OFF_AGNST_PUB_ORD_SENSBLTY,ANTI_MUSLIM
OFF_AGNST_PUB_ORD_SENSBLTY,ANTI_BLACK
OFF_AGNST_PUB_ORD_SENSBLTY,ANTI_WHITE
OFF_AGNST_PUB_ORD_SENSBLTY,ASSAULT_RELATED_OFFENSES,ANTI_OTHER_ETHNICITY
OFF_AGNST_PUB_ORD_SENSBLTY,ANTI_MALE_HOMOSEXUAL_GAY
OFF_AGNST_PUB_ORD_SENSBLTY,ANTI_ASIAN
OFF_AGNST_PUB_ORD_SENSBLTY,ANTI_ASIAN
OFF_AGNST_PUB_ORD_SENSBLTY,ANTI_ASIAN
OFF_AGNST_PUB_ORD_SENSBLTY,ANTI_BLACK
OFF_AGNST_PUB_ORD_SENSBLTY,MISCELLANEOUS_PENAL_LAW,ANTI_MALE_HOMOSEXUAL_GAY,ANTI_JEWISH
OFF_AGNST_PUB_ORD_SENSBLTY,ANTI_MALE_HOMOSEXUAL_GAY
OFF_AGNST_PUB_ORD_SENSBLTY,ANTI_MUSLIM
OFF_AGNST_PUB_ORD_SENSBLTY,ANTI_ASIAN
OFF_AGNST_PUB_ORD_SENSBLTY,FELONY_ASSAULT,ANTI_MUSLIM
OFF_AGNST_PUB_ORD_SENSBLTY,ANTI_BLACK
OFF_AGNST_PUB_ORD_SENSBLTY,ASSAULT_RELATED_OFFENSES,ANTI_HISPANIC,ANTI_ASIAN
OFF_AGNST_PUB_ORD_SENSBLTY,FELONY_ASSAULT,ANTI_MALE_HOMOSEXUAL_GAY,ANTI_JEWISH
OFF_AGNST_PUB_ORD_SENSBLTY,ANTI_ASIAN
OFF_AGNST_PUB_ORD_SENSBLTY,ANTI_ASIAN
OFF_AGNST_PUB_ORD_SENSBLTY,ANTI_TRANSGENDER
OFF_AGNST_PUB_ORD_SENSBLTY,ANTI_ASIAN
OFF_AGNST_PUB_ORD_SENSBLTY,ANTI_TRANSGENDER
OFF_AGNST_PUB_ORD_SENSBLTY,ANTI_ASIAN
OFF_AGNST_PUB_ORD_SENSBLTY,ASSAULT_RELATED_OFFENSES,ANTI_MALE_HOMOSEXUAL_GAY,ANTI_OTHER_ETHNICITY
MISCELLANEOUS_PENAL_LAW,FELONY_ASSAULT,ASSAULT_RELATED_OFFENSES,ANTI_JEWISH,ANTI_WHITE
MISCELLANEOUS_PENAL_LAW,ANTI_JEWISH
MISCELLANEOUS_PENAL_LAW,FELONY_ASSAULT,ANTI_JEWISH
MISCELLANEOUS_PENAL_LAW,ANTI_JEWISH
MISCELLANEOUS_PENAL_LAW,ANTI_JEWISH
MISCELLANEOUS_PENAL_LAW,ANTI_JEWISH
MISCELLANEOUS_PENAL_LAW,OFF_AGNST_PUB_ORD_SENSBLTY,ANTI_JEWISH
MISCELLANEOUS_PENAL_LAW,ANTI_JEWISH
MISCELLANEOUS_PENAL_LAW,ANTI_JEWISH
MISCELLANEOUS_PENAL_LAW,ANTI_JEWISH
MISCELLANEOUS_PENAL_LAW,FELONY_ASSAULT,ANTI_JEWISH,ANTI_ASIAN
MISCELLANEOUS_PENAL_LAW,ANTI_JEWISH
MISCELLANEOUS_PENAL_LAW,ANTI_JEWISH
MISCELLANEOUS_PENAL_LAW,CRIMINAL_MISCHIEF_RELATED_OF,BURGLARY,ANTI_JEWISH
MISCELLANEOUS_PENAL_LAW,ANTI_JEWISH
MISCELLANEOUS_PENAL_LAW,ANTI_JEWISH
MISCELLANEOUS_PENAL_LAW,CRIMINAL_MISCHIEF_RELATED_OF,ANTI_JEWISH
MISCELLANEOUS_PENAL_LAW,ANTI_JEWISH
MISCELLANEOUS_PENAL_LAW,ANTI_JEWISH
MISCELLANEOUS_PENAL_LAW,ANTI_JEWISH
MISCELLANEOUS_PENAL_LAW,ANTI_JEWISH
MISCELLANEOUS_PENAL_LAW,ANTI_JEWISH
MISCELLANEOUS_PENAL_LAW,ANTI_JEWISH
MISCELLANEOUS_PENAL_LAW,ANTI_JEWISH
MISCELLANEOUS_PENAL_LAW,ANTI_JEWISH
MISCELLANEOUS_PENAL_LAW,ANTI_JEWISH
MISCELLANEOUS_PENAL_LAW,ANTI_JEWISH
MISCELLANEOUS_PENAL_LAW,OFF_AGNST_PUB_ORD_SENSBLTY,ANTI_JEWISH
MISCELLANEOUS_PENAL_LAW,ANTI_JEWISH
MISCELLANEOUS_PENAL_LAW,ANTI_JEWISH
MISCELLANEOUS_PENAL_LAW,ANTI_JEWISH
MISCELLANEOUS_PENAL_LAW,ANTI_JEWISH
MISCELLANEOUS_PENAL_LAW,ANTI_JEWISH
MISCELLANEOUS_PENAL_LAW,ANTI_JEWISH
MISCELLANEOUS_PENAL_LAW,ANTI_JEWISH
MISCELLANEOUS_PENAL_LAW,ANTI_JEWISH
MISCELLANEOUS_PENAL_LAW,ANTI_JEWISH
MISCELLANEOUS_PENAL_LAW,ANTI_JEWISH
MISCELLANEOUS_PENAL_LAW,ANTI_JEWISH
MISCELLANEOUS_PENAL_LAW,ANTI_JEWISH
MISCELLANEOUS_PENAL_LAW,ASSAULT_RELATED_OFFENSES,ANTI_JEWISH,ANTI_ASIAN
MISCELLANEOUS_PENAL_LAW,ANTI_JEWISH
MISCELLANEOUS_PENAL_LAW,ANTI_JEWISH
MISCELLANEOUS_PENAL_LAW,ANTI_JEWISH
CRIMINAL_MISCHIEF_RELATED_OF,ANTI_JEWISH
GRAND_LARCENY,ANTI_JEWISH
MISCELLANEOUS_PENAL_LAW,ANTI_JEWISH
GRAND_LARCENY,ANTI_JEWISH
CRIMINAL_MISCHIEF_RELATED_OF,ANTI_JEWISH
CRIMINAL_MISCHIEF_RELATED_OF,ANTI_JEWISH
GRAND_LARCENY,ANTI_JEWISH
ROBBERY,ANTI_JEWISH
DANGEROUS_DRUGS,ANTI_JEWISH
CRIMINAL_MISCHIEF_RELATED_OF,ANTI_JEWISH
OFF_AGNST_PUB_ORD_SENSBLTY,ANTI_JEWISH
OFF_AGNST_PUB_ORD_SENSBLTY,ANTI_JEWISH
CRIMINAL_MISCHIEF_RELATED_OF,ANTI_JEWISH
CRIMINAL_MISCHIEF_RELATED_OF,ANTI_JEWISH
OFF_AGNST_PUB_ORD_SENSBLTY,ANTI_JEWISH
CRIMINAL_MISCHIEF_RELATED_OF,ANTI_JEWISH
CRIMINAL_MISCHIEF_RELATED_OF,ANTI_JEWISH
OFF_AGNST_PUB_ORD_SENSBLTY,FELONY_ASSAULT,ASSAULT_RELATED_OFFENSES,ANTI_JEWISH,ANTI_ASIAN
OFF_AGNST_PUB_ORD_SENSBLTY,ANTI_JEWISH
CRIMINAL_MISCHIEF_RELATED_OF,ANTI_JEWISH
OFF_AGNST_PUB_ORD_SENSBLTY,ANTI_JEWISH
ASSAULT_RELATED_OFFENSES,FELONY_ASSAULT,ANTI_JEWISH
OFF_AGNST_PUB_ORD_SENSBLTY,ANTI_JEWISH
CRIMINAL_MISCHIEF_RELATED_OF,ANTI_JEWISH
OFF_AGNST_PUB_ORD_SENSBLTY,ANTI_JEWISH
OFF_AGNST_PUB_ORD_SENSBLTY,ANTI_JEWISH
CRIMINAL_MISCHIEF_RELATED_OF,FELONY_ASSAULT,ANTI_JEWISH,ANTI_ASIAN
OFF_AGNST_PUB_ORD_SENSBLTY,ASSAULT_RELATED_OFFENSES,ANTI_JEWISH,ANTI_ASIAN
OFF_AGNST_PUB_ORD_SENSBLTY,ASSAULT_RELATED_OFFENSES,ANTI_JEWISH
OFF_AGNST_PUB_ORD_SENSBLTY,ANTI_JEWISH
CRIMINAL_MISCHIEF_RELATED_OF,ANTI_JEWISH
OFF_AGNST_PUB_ORD_SENSBLTY,ASSAULT_RELATED_OFFENSES,ANTI_JEWISH,ANTI_TRANSGENDER
OFF_AGNST_PUB_ORD_SENSBLTY,ANTI_JEWISH
OFF_AGNST_PUB_ORD_SENSBLTY,ANTI_JEWISH
OFF_AGNST_PUB_ORD_SENSBLTY,ASSAULT_RELATED_OFFENSES,ANTI_JEWISH
PETIT_LARCENY,ASSAULT_RELATED_OFFENSES,ANTI_JEWISH,ANTI_HISPANIC
OFF_AGNST_PUB_ORD_SENSBLTY,ANTI_JEWISH
ASSAULT_RELATED_OFFENSES,ANTI_JEWISH
ASSAULT_RELATED_OFFENSES,ANTI_JEWISH
ASSAULT_RELATED_OFFENSES,ANTI_JEWISH
FELONY_ASSAULT,ANTI_MUSLIM
FELONY_ASSAULT,ANTI_MALE_HOMOSEXUAL_GAY
FELONY_ASSAULT,ANTI_TRANSGENDER
FELONY_ASSAULT,ASSAULT_RELATED_OFFENSES,ANTI_MALE_HOMOSEXUAL_GAY
FELONY_ASSAULT,ANTI_ASIAN
FELONY_ASSAULT,ANTI_BLACK
FELONY_ASSAULT,ANTI_MUSLIM
FELONY_ASSAULT,ANTI_BLACK
FELONY_ASSAULT,ANTI_HISPANIC
FELONY_ASSAULT,ASSAULT_RELATED_OFFENSES,ANTI_WHITE
FELONY_ASSAULT,ANTI_HISPANIC
FELONY_ASSAULT,ASSAULT_RELATED_OFFENSES,ANTI_ASIAN
FELONY_ASSAULT,ANTI_BLACK
FELONY_ASSAULT,ANTI_MALE_HOMOSEXUAL_GAY
FELONY_ASSAULT,ANTI_MALE_HOMOSEXUAL_GAY
FELONY_ASSAULT,ANTI_WHITE
FELONY_ASSAULT,ANTI_MALE_HOMOSEXUAL_GAY
FELONY_ASSAULT,ANTI_MALE_HOMOSEXUAL_GAY
FELONY_ASSAULT,ANTI_JEWISH
FELONY_ASSAULT,ASSAULT_RELATED_OFFENSES,ANTI_TRANSGENDER
FELONY_ASSAULT,ANTI_MALE_HOMOSEXUAL_GAY
FELONY_ASSAULT,ANTI_JEWISH
FELONY_ASSAULT,ANTI_ASIAN
FELONY_ASSAULT,ASSAULT_RELATED_OFFENSES,ANTI_ASIAN,ANTI_MALE_HOMOSEXUAL_GAY
FELONY_ASSAULT,ANTI_MALE_HOMOSEXUAL_GAY
FELONY_ASSAULT,ANTI_MALE_HOMOSEXUAL_GAY
FELONY_ASSAULT,ANTI_FEMALE_HOMOSEXUAL_LESBIAN
FELONY_ASSAULT,ANTI_MALE_HOMOSEXUAL_GAY
FELONY_ASSAULT,ANTI_TRANSGENDER
FELONY_ASSAULT,ANTI_JEWISH
FELONY_ASSAULT,ANTI_JEWISH
FELONY_ASSAULT,ANTI_WHITE
FELONY_ASSAULT,ANTI_HISPANIC
FELONY_ASSAULT,ANTI_ASIAN
FELONY_ASSAULT,ANTI_FEMALE_HOMOSEXUAL_LESBIAN
FELONY_ASSAULT,ASSAULT_RELATED_OFFENSES,ANTI_ASIAN,ANTI_OTHER_ETHNICITY
FELONY_ASSAULT,ANTI_MALE_HOMOSEXUAL_GAY
FELONY_ASSAULT,ANTI_ASIAN
FELONY_ASSAULT,ANTI_ASIAN
FELONY_ASSAULT,ANTI_OTHER_ETHNICITY
FELONY_ASSAULT,ANTI_JEWISH
FELONY_ASSAULT,ANTI_MALE_HOMOSEXUAL_GAY
FELONY_ASSAULT,ANTI_HISPANIC
FELONY_ASSAULT,ANTI_MALE_HOMOSEXUAL_GAY
FELONY_ASSAULT,ANTI_ASIAN
FELONY_ASSAULT,ANTI_FEMALE_HOMOSEXUAL_LESBIAN
FELONY_ASSAULT,ANTI_MALE_HOMOSEXUAL_GAY
FELONY_ASSAULT,ANTI_ASIAN
FELONY_ASSAULT,ANTI_ASIAN
FELONY_ASSAULT,ANTI_MALE_HOMOSEXUAL_GAY
FELONY_ASSAULT,ANTI_TRANSGENDER
FELONY_ASSAULT,ANTI_HISPANIC
FELONY_ASSAULT,ANTI_MALE_HOMOSEXUAL_GAY
FELONY_ASSAULT,ANTI_MALE_HOMOSEXUAL_GAY,ANTI_BLACK
FELONY_ASSAULT,ANTI_WHITE
FELONY_ASSAULT,ANTI_HISPANIC
FELONY_ASSAULT,ANTI_BLACK
FELONY_ASSAULT,ANTI_BLACK
FELONY_ASSAULT,ANTI_MALE_HOMOSEXUAL_GAY
FELONY_ASSAULT,ANTI_ASIAN
FELONY_ASSAULT,ANTI_ASIAN
FELONY_ASSAULT,ANTI_OTHER_ETHNICITY
FELONY_ASSAULT,ANTI_ASIAN
FELONY_ASSAULT,ANTI_TRANSGENDER
FELONY_ASSAULT,ANTI_ASIAN
FELONY_ASSAULT,ANTI_OTHER_ETHNICITY
FELONY_ASSAULT,ANTI_JEWISH
FELONY_ASSAULT,ASSAULT_RELATED_OFFENSES,ANTI_HISPANIC,ANTI_MALE_HOMOSEXUAL_GAY,ANTI_ASIAN
FELONY_ASSAULT,ANTI_ASIAN
FELONY_ASSAULT,ANTI_WHITE
FELONY_ASSAULT,ASSAULT_RELATED_OFFENSES,ANTI_WHITE,ANTI_ASIAN
FELONY_ASSAULT,ASSAULT_RELATED_OFFENSES,ANTI_MALE_HOMOSEXUAL_GAY
ASSAULT_RELATED_OFFENSES,ANTI_WHITE
ASSAULT_RELATED_OFFENSES,ANTI_MUSLIM
ASSAULT_RELATED_OFFENSES,ANTI_JEWISH
ASSAULT_RELATED_OFFENSES,ANTI_MALE_HOMOSEXUAL_GAY
ASSAULT_RELATED_OFFENSES,ANTI_MALE_HOMOSEXUAL_GAY
ASSAULT_RELATED_OFFENSES,ANTI_MALE_HOMOSEXUAL_GAY
ASSAULT_RELATED_OFFENSES,ANTI_FEMALE
ASSAULT_RELATED_OFFENSES,ANTI_JEWISH
ASSAULT_RELATED_OFFENSES,ANTI_FEMALE
ASSAULT_RELATED_OFFENSES,ANTI_OTHER_ETHNICITY
ASSAULT_RELATED_OFFENSES,ANTI_MUSLIM
ASSAULT_RELATED_OFFENSES,ANTI_JEWISH
ASSAULT_RELATED_OFFENSES,ANTI_ASIAN
ASSAULT_RELATED_OFFENSES,ANTI_TRANSGENDER
ASSAULT_RELATED_OFFENSES,ANTI_HISPANIC
ASSAULT_RELATED_OFFENSES,ANTI_HISPANIC
ASSAULT_RELATED_OFFENSES,ANTI_OTHER_ETHNICITY
ASSAULT_RELATED_OFFENSES,ANTI_JEWISH
ASSAULT_RELATED_OFFENSES,ANTI_JEWISH
ASSAULT_RELATED_OFFENSES,ANTI_MALE_HOMOSEXUAL_GAY
ASSAULT_RELATED_OFFENSES,ANTI_JEWISH
ASSAULT_RELATED_OFFENSES,ANTI_JEWISH
ASSAULT_RELATED_OFFENSES,ANTI_WHITE
ASSAULT_RELATED_OFFENSES,ANTI_WHITE
ASSAULT_RELATED_OFFENSES,ANTI_MALE_HOMOSEXUAL_GAY
ASSAULT_RELATED_OFFENSES,ANTI_BLACK
ASSAULT_RELATED_OFFENSES,ANTI_TRANSGENDER
ASSAULT_RELATED_OFFENSES,ANTI_HINDU
ASSAULT_RELATED_OFFENSES,ANTI_MALE_HOMOSEXUAL_GAY
ASSAULT_RELATED_OFFENSES,ANTI_BLACK,ANTI_WHITE,ANTI_ASIAN
ASSAULT_RELATED_OFFENSES,ANTI_OTHER_ETHNICITY
ASSAULT_RELATED_OFFENSES,ANTI_MALE_HOMOSEXUAL_GAY
ASSAULT_RELATED_OFFENSES,ANTI_MUSLIM
ASSAULT_RELATED_OFFENSES,ANTI_TRANSGENDER,ANTI_MALE_HOMOSEXUAL_GAY
ASSAULT_RELATED_OFFENSES,ANTI_ASIAN
ASSAULT_RELATED_OFFENSES,ANTI_TRANSGENDER
ASSAULT_RELATED_OFFENSES,ANTI_ASIAN
ASSAULT_RELATED_OFFENSES,ANTI_TRANSGENDER
ASSAULT_RELATED_OFFENSES,ANTI_ASIAN
ASSAULT_RELATED_OFFENSES,ANTI_MUSLIM
ASSAULT_RELATED_OFFENSES,ANTI_OTHER_ETHNICITY
ASSAULT_RELATED_OFFENSES,ANTI_TRANSGENDER
ASSAULT_RELATED_OFFENSES,ANTI_MUSLIM
ASSAULT_RELATED_OFFENSES,ANTI_TRANSGENDER
ASSAULT_RELATED_OFFENSES,ANTI_SIKH
ASSAULT_RELATED_OFFENSES,ANTI_ASIAN
ASSAULT_RELATED_OFFENSES,ANTI_MALE_HOMOSEXUAL_GAY
ASSAULT_RELATED_OFFENSES,ANTI_BLACK
ASSAULT_RELATED_OFFENSES,ANTI_TRANSGENDER
ASSAULT_RELATED_OFFENSES,ANTI_MALE_HOMOSEXUAL_GAY
ASSAULT_RELATED_OFFENSES,ANTI_JEWISH
ASSAULT_RELATED_OFFENSES,ANTI_ASIAN
ASSAULT_RELATED_OFFENSES,ANTI_WHITE
ASSAULT_RELATED_OFFENSES,ANTI_ASIAN
ASSAULT_RELATED_OFFENSES,ANTI_TRANSGENDER
ASSAULT_RELATED_OFFENSES,ANTI_WHITE
ASSAULT_RELATED_OFFENSES,ANTI_HISPANIC
ASSAULT_RELATED_OFFENSES,ANTI_OTHER_ETHNICITY
ASSAULT_RELATED_OFFENSES,ANTI_LGBT_MIXED_GROUP
ASSAULT_RELATED_OFFENSES,ANTI_MALE_HOMOSEXUAL_GAY
ASSAULT_RELATED_OFFENSES,ANTI_FEMALE_HOMOSEXUAL_LESBIAN
ASSAULT_RELATED_OFFENSES,ANTI_BLACK
ASSAULT_RELATED_OFFENSES,ANTI_BLACK
ASSAULT_RELATED_OFFENSES,ANTI_HISPANIC
ASSAULT_RELATED_OFFENSES,ANTI_ASIAN
ASSAULT_RELATED_OFFENSES,ANTI_MALE_HOMOSEXUAL_GAY
ASSAULT_RELATED_OFFENSES,ANTI_OTHER_ETHNICITY
ASSAULT_RELATED_OFFENSES,ANTI_HISPANIC
ASSAULT_RELATED_OFFENSES,ANTI_MALE_HOMOSEXUAL_GAY
ASSAULT_RELATED_OFFENSES,ANTI_MALE_HOMOSEXUAL_GAY
ASSAULT_RELATED_OFFENSES,ANTI_MUSLIM
ASSAULT_RELATED_OFFENSES,ANTI_WHITE
ASSAULT_RELATED_OFFENSES,ANTI_ASIAN
ASSAULT_RELATED_OFFENSES,ANTI_ASIAN
ASSAULT_RELATED_OFFENSES,ANTI_MALE_HOMOSEXUAL_GAY
ASSAULT_RELATED_OFFENSES,ANTI_ASIAN
ASSAULT_RELATED_OFFENSES,ANTI_WHITE
ASSAULT_RELATED_OFFENSES,ANTI_TRANSGENDER
ASSAULT_RELATED_OFFENSES,ANTI_OTHER_ETHNICITY
ASSAULT_RELATED_OFFENSES,ANTI_ASIAN
ASSAULT_RELATED_OFFENSES,ANTI_MALE_HOMOSEXUAL_GAY
ASSAULT_RELATED_OFFENSES,ANTI_ASIAN
ASSAULT_RELATED_OFFENSES,ANTI_BLACK
ASSAULT_RELATED_OFFENSES,ANTI_JEWISH
ASSAULT_RELATED_OFFENSES,ANTI_OTHER_ETHNICITY
ASSAULT_RELATED_OFFENSES,ANTI_TRANSGENDER
ASSAULT_RELATED_OFFENSES,ANTI_OTHER_ETHNICITY
ASSAULT_RELATED_OFFENSES,ANTI_MALE_HOMOSEXUAL_GAY
ASSAULT_RELATED_OFFENSES,ANTI_TRANSGENDER
ASSAULT_RELATED_OFFENSES,ANTI_MALE_HOMOSEXUAL_GAY
ASSAULT_RELATED_OFFENSES,ANTI_ASIAN
ASSAULT_RELATED_OFFENSES,ANTI_MALE_HOMOSEXUAL_GAY
